date,region,tonnes_including_us,tonnes_excluding_us,world_total_including_us,world_total_excluding_us,united_states_tonnes,reported_countries,carried_forward_countries,unavailable_countries
2000-12-31,North America,8173.78,36.83,28592.37,20455.42,8136.95,117,0,6
2000-12-31,Western Europe,15037.91,15037.91,28592.37,20455.42,8136.95,117,0,6
2000-12-31,East Asia,1598.65,1598.65,28592.37,20455.42,8136.95,117,0,6
2000-12-31,Central and Eastern Europe,842.18,842.18,28592.37,20455.42,8136.95,117,0,6
2000-12-31,Central Asia,59.95,59.95,28592.37,20455.42,8136.95,117,0,6
2000-12-31,South Asia,441.39,441.39,28592.37,20455.42,8136.95,117,0,6
2000-12-31,Middle East & North Africa,997.60,997.60,28592.37,20455.42,8136.95,117,0,6
2000-12-31,South East Asia,573.61,573.61,28592.37,20455.42,8136.95,117,0,6
2000-12-31,Latin America & Caribbean,565.68,565.68,28592.37,20455.42,8136.95,117,0,6
2000-12-31,Sub-Saharan Africa,221.88,221.88,28592.37,20455.42,8136.95,117,0,6
2000-12-31,Australasia / Oceania,79.74,79.74,28592.37,20455.42,8136.95,117,0,6
2001-03-31,North America,8173.33,36.20,28427.38,20290.25,8137.13,117,0,6
2001-03-31,Western Europe,14897.01,14897.01,28427.38,20290.25,8137.13,117,0,6
2001-03-31,East Asia,1599.60,1599.60,28427.38,20290.25,8137.13,117,0,6
2001-03-31,Central and Eastern Europe,848.57,848.57,28427.38,20290.25,8137.13,117,0,6
2001-03-31,Central Asia,59.90,59.90,28427.38,20290.25,8137.13,117,0,6
2001-03-31,South Asia,440.48,440.48,28427.38,20290.25,8137.13,117,0,6
2001-03-31,Middle East & North Africa,997.39,997.39,28427.38,20290.25,8137.13,117,0,6
2001-03-31,South East Asia,577.22,577.22,28427.38,20290.25,8137.13,117,0,6
2001-03-31,Latin America & Caribbean,533.19,533.19,28427.38,20290.25,8137.13,117,0,6
2001-03-31,Sub-Saharan Africa,220.95,220.95,28427.38,20290.25,8137.13,117,0,6
2001-03-31,Australasia / Oceania,79.74,79.74,28427.38,20290.25,8137.13,117,0,6
2001-06-30,North America,8171.52,36.20,28392.23,20256.91,8135.32,117,0,6
2001-06-30,Western Europe,14825.94,14825.94,28392.23,20256.91,8135.32,117,0,6
2001-06-30,East Asia,1603.20,1603.20,28392.23,20256.91,8135.32,117,0,6
2001-06-30,Central and Eastern Europe,887.67,887.67,28392.23,20256.91,8135.32,117,0,6
2001-06-30,Central Asia,60.09,60.09,28392.23,20256.91,8135.32,117,0,6
2001-06-30,South Asia,438.67,438.67,28392.23,20256.91,8135.32,117,0,6
2001-06-30,Middle East & North Africa,997.63,997.63,28392.23,20256.91,8135.32,117,0,6
2001-06-30,South East Asia,579.22,579.22,28392.23,20256.91,8135.32,117,0,6
2001-06-30,Latin America & Caribbean,528.23,528.23,28392.23,20256.91,8135.32,117,0,6
2001-06-30,Sub-Saharan Africa,220.32,220.32,28392.23,20256.91,8135.32,117,0,6
2001-06-30,Australasia / Oceania,79.74,79.74,28392.23,20256.91,8135.32,117,0,6
2001-09-30,North America,8184.57,35.52,28279.32,20130.27,8149.05,117,0,6
2001-09-30,Western Europe,14698.39,14698.39,28279.32,20130.27,8149.05,117,0,6
2001-09-30,East Asia,1603.78,1603.78,28279.32,20130.27,8149.05,117,0,6
2001-09-30,Central and Eastern Europe,886.50,886.50,28279.32,20130.27,8149.05,117,0,6
2001-09-30,Central Asia,60.18,60.18,28279.32,20130.27,8149.05,117,0,6
2001-09-30,South Asia,439.27,439.27,28279.32,20130.27,8149.05,117,0,6
2001-09-30,Middle East & North Africa,997.67,997.67,28279.32,20130.27,8149.05,117,0,6
2001-09-30,South East Asia,592.89,592.89,28279.32,20130.27,8149.05,117,0,6
2001-09-30,Latin America & Caribbean,517.92,517.92,28279.32,20130.27,8149.05,117,0,6
2001-09-30,Sub-Saharan Africa,218.41,218.41,28279.32,20130.27,8149.05,117,0,6
2001-09-30,Australasia / Oceania,79.74,79.74,28279.32,20130.27,8149.05,117,0,6
2001-12-31,North America,8181.77,32.72,28303.76,20154.71,8149.05,117,0,6
2001-12-31,Western Europe,14605.58,14605.58,28303.76,20154.71,8149.05,117,0,6
2001-12-31,East Asia,1709.29,1709.29,28303.76,20154.71,8149.05,117,0,6
2001-12-31,Central and Eastern Europe,891.07,891.07,28303.76,20154.71,8149.05,117,0,6
2001-12-31,Central Asia,59.99,59.99,28303.76,20154.71,8149.05,117,0,6
2001-12-31,South Asia,438.93,438.93,28303.76,20154.71,8149.05,117,0,6
2001-12-31,Middle East & North Africa,997.71,997.71,28303.76,20154.71,8149.05,117,0,6
2001-12-31,South East Asia,602.25,602.25,28303.76,20154.71,8149.05,117,0,6
2001-12-31,Latin America & Caribbean,522.25,522.25,28303.76,20154.71,8149.05,117,0,6
2001-12-31,Sub-Saharan Africa,215.18,215.18,28303.76,20154.71,8149.05,117,0,6
2001-12-31,Australasia / Oceania,79.74,79.74,28303.76,20154.71,8149.05,117,0,6
2002-03-31,North America,8178.82,29.77,28190.55,20041.50,8149.05,118,0,5
2002-03-31,Western Europe,14486.71,14486.71,28190.55,20041.50,8149.05,118,0,5
2002-03-31,East Asia,1705.28,1705.28,28190.55,20041.50,8149.05,118,0,5
2002-03-31,Central and Eastern Europe,895.62,895.62,28190.55,20041.50,8149.05,118,0,5
2002-03-31,Central Asia,57.64,57.64,28190.55,20041.50,8149.05,118,0,5
2002-03-31,South Asia,438.21,438.21,28190.55,20041.50,8149.05,118,0,5
2002-03-31,Middle East & North Africa,997.74,997.74,28190.55,20041.50,8149.05,118,0,5
2002-03-31,South East Asia,603.27,603.27,28190.55,20041.50,8149.05,118,0,5
2002-03-31,Latin America & Caribbean,532.19,532.19,28190.55,20041.50,8149.05,118,0,5
2002-03-31,Sub-Saharan Africa,215.33,215.33,28190.55,20041.50,8149.05,118,0,5
2002-03-31,Australasia / Oceania,79.74,79.74,28190.55,20041.50,8149.05,118,0,5
2002-06-30,North America,8175.86,26.81,28007.92,19858.87,8149.05,118,0,5
2002-06-30,Western Europe,14376.34,14376.34,28007.92,19858.87,8149.05,118,0,5
2002-06-30,East Asia,1704.23,1704.23,28007.92,19858.87,8149.05,118,0,5
2002-06-30,Central and Eastern Europe,856.03,856.03,28007.92,19858.87,8149.05,118,0,5
2002-06-30,Central Asia,56.75,56.75,28007.92,19858.87,8149.05,118,0,5
2002-06-30,South Asia,438.35,438.35,28007.92,19858.87,8149.05,118,0,5
2002-06-30,Middle East & North Africa,988.79,988.79,28007.92,19858.87,8149.05,118,0,5
2002-06-30,South East Asia,610.28,610.28,28007.92,19858.87,8149.05,118,0,5
2002-06-30,Latin America & Caribbean,504.66,504.66,28007.92,19858.87,8149.05,118,0,5
2002-06-30,Sub-Saharan Africa,216.89,216.89,28007.92,19858.87,8149.05,118,0,5
2002-06-30,Australasia / Oceania,79.74,79.74,28007.92,19858.87,8149.05,118,0,5
2002-09-30,North America,8173.09,24.04,27927.15,19778.10,8149.05,118,0,5
2002-09-30,Western Europe,14303.11,14303.11,27927.15,19778.10,8149.05,118,0,5
2002-09-30,East Asia,1708.06,1708.06,27927.15,19778.10,8149.05,118,0,5
2002-09-30,Central and Eastern Europe,853.45,853.45,27927.15,19778.10,8149.05,118,0,5
2002-09-30,Central Asia,56.77,56.77,27927.15,19778.10,8149.05,118,0,5
2002-09-30,South Asia,438.16,438.16,27927.15,19778.10,8149.05,118,0,5
2002-09-30,Middle East & North Africa,988.81,988.81,27927.15,19778.10,8149.05,118,0,5
2002-09-30,South East Asia,618.07,618.07,27927.15,19778.10,8149.05,118,0,5
2002-09-30,Latin America & Caribbean,496.24,496.24,27927.15,19778.10,8149.05,118,0,5
2002-09-30,Sub-Saharan Africa,211.65,211.65,27927.15,19778.10,8149.05,118,0,5
2002-09-30,Australasia / Oceania,79.74,79.74,27927.15,19778.10,8149.05,118,0,5
2002-12-31,North America,8167.68,18.63,27927.37,19778.32,8149.05,118,0,5
2002-12-31,Western Europe,14193.56,14193.56,27927.37,19778.32,8149.05,118,0,5
2002-12-31,East Asia,1807.29,1807.29,27927.37,19778.32,8149.05,118,0,5
2002-12-31,Central and Eastern Europe,861.26,861.26,27927.37,19778.32,8149.05,118,0,5
2002-12-31,Central Asia,55.72,55.72,27927.37,19778.32,8149.05,118,0,5
2002-12-31,South Asia,437.85,437.85,27927.37,19778.32,8149.05,118,0,5
2002-12-31,Middle East & North Africa,988.86,988.86,27927.37,19778.32,8149.05,118,0,5
2002-12-31,South East Asia,626.14,626.14,27927.37,19778.32,8149.05,118,0,5
2002-12-31,Latin America & Caribbean,499.17,499.17,27927.37,19778.32,8149.05,118,0,5
2002-12-31,Sub-Saharan Africa,210.10,210.10,27927.37,19778.32,8149.05,118,0,5
2002-12-31,Australasia / Oceania,79.74,79.74,27927.37,19778.32,8149.05,118,0,5
2003-03-31,North America,8150.47,15.80,27800.48,19665.81,8134.67,118,0,5
2003-03-31,Western Europe,14083.80,14083.80,27800.48,19665.81,8134.67,118,0,5
2003-03-31,East Asia,1805.80,1805.80,27800.48,19665.81,8134.67,118,0,5
2003-03-31,Central and Eastern Europe,863.96,863.96,27800.48,19665.81,8134.67,118,0,5
2003-03-31,Central Asia,55.26,55.26,27800.48,19665.81,8134.67,118,0,5
2003-03-31,South Asia,435.52,435.52,27800.48,19665.81,8134.67,118,0,5
2003-03-31,Middle East & North Africa,988.87,988.87,27800.48,19665.81,8134.67,118,0,5
2003-03-31,South East Asia,630.46,630.46,27800.48,19665.81,8134.67,118,0,5
2003-03-31,Latin America & Caribbean,501.47,501.47,27800.48,19665.81,8134.67,118,0,5
2003-03-31,Sub-Saharan Africa,205.13,205.13,27800.48,19665.81,8134.67,118,0,5
2003-03-31,Australasia / Oceania,79.74,79.74,27800.48,19665.81,8134.67,118,0,5
2003-06-30,North America,8144.93,9.61,27664.51,19529.19,8135.32,118,0,5
2003-06-30,Western Europe,13967.36,13967.36,27664.51,19529.19,8135.32,118,0,5
2003-06-30,East Asia,1806.66,1806.66,27664.51,19529.19,8135.32,118,0,5
2003-06-30,Central and Eastern Europe,861.28,861.28,27664.51,19529.19,8135.32,118,0,5
2003-06-30,Central Asia,73.92,73.92,27664.51,19529.19,8135.32,118,0,5
2003-06-30,South Asia,435.50,435.50,27664.51,19529.19,8135.32,118,0,5
2003-06-30,Middle East & North Africa,982.69,982.69,27664.51,19529.19,8135.32,118,0,5
2003-06-30,South East Asia,627.97,627.97,27664.51,19529.19,8135.32,118,0,5
2003-06-30,Latin America & Caribbean,524.13,524.13,27664.51,19529.19,8135.32,118,0,5
2003-06-30,Sub-Saharan Africa,160.33,160.33,27664.51,19529.19,8135.32,118,0,5
2003-06-30,Australasia / Oceania,79.74,79.74,27664.51,19529.19,8135.32,118,0,5
2003-09-30,North America,8140.63,5.38,27509.87,19374.62,8135.25,118,0,5
2003-09-30,Western Europe,13869.54,13869.54,27509.87,19374.62,8135.25,118,0,5
2003-09-30,East Asia,1807.69,1807.69,27509.87,19374.62,8135.25,118,0,5
2003-09-30,Central and Eastern Europe,854.59,854.59,27509.87,19374.62,8135.25,118,0,5
2003-09-30,Central Asia,56.16,56.16,27509.87,19374.62,8135.25,118,0,5
2003-09-30,South Asia,436.39,436.39,27509.87,19374.62,8135.25,118,0,5
2003-09-30,Middle East & North Africa,982.70,982.70,27509.87,19374.62,8135.25,118,0,5
2003-09-30,South East Asia,618.49,618.49,27509.87,19374.62,8135.25,118,0,5
2003-09-30,Latin America & Caribbean,504.54,504.54,27509.87,19374.62,8135.25,118,0,5
2003-09-30,Sub-Saharan Africa,159.40,159.40,27509.87,19374.62,8135.25,118,0,5
2003-09-30,Australasia / Oceania,79.74,79.74,27509.87,19374.62,8135.25,118,0,5
2003-12-31,North America,8138.33,3.39,27383.75,19248.81,8134.94,118,0,5
2003-12-31,Western Europe,13739.08,13739.08,27383.75,19248.81,8134.94,118,0,5
2003-12-31,East Asia,1805.38,1805.38,27383.75,19248.81,8134.94,118,0,5
2003-12-31,Central and Eastern Europe,851.66,851.66,27383.75,19248.81,8134.94,118,0,5
2003-12-31,Central Asia,57.12,57.12,27383.75,19248.81,8134.94,118,0,5
2003-12-31,South Asia,436.32,436.32,27383.75,19248.81,8134.94,118,0,5
2003-12-31,Middle East & North Africa,976.54,976.54,27383.75,19248.81,8134.94,118,0,5
2003-12-31,South East Asia,614.74,614.74,27383.75,19248.81,8134.94,118,0,5
2003-12-31,Latin America & Caribbean,525.90,525.90,27383.75,19248.81,8134.94,118,0,5
2003-12-31,Sub-Saharan Africa,158.94,158.94,27383.75,19248.81,8134.94,118,0,5
2003-12-31,Australasia / Oceania,79.74,79.74,27383.75,19248.81,8134.94,118,0,5
2004-03-31,North America,8139.65,3.39,27290.34,19154.08,8136.26,118,0,5
2004-03-31,Western Europe,13629.67,13629.67,27290.34,19154.08,8136.26,118,0,5
2004-03-31,East Asia,1806.24,1806.24,27290.34,19154.08,8136.26,118,0,5
2004-03-31,Central and Eastern Europe,851.14,851.14,27290.34,19154.08,8136.26,118,0,5
2004-03-31,Central Asia,57.77,57.77,27290.34,19154.08,8136.26,118,0,5
2004-03-31,South Asia,436.33,436.33,27290.34,19154.08,8136.26,118,0,5
2004-03-31,Middle East & North Africa,976.54,976.54,27290.34,19154.08,8136.26,118,0,5
2004-03-31,South East Asia,600.96,600.96,27290.34,19154.08,8136.26,118,0,5
2004-03-31,Latin America & Caribbean,553.92,553.92,27290.34,19154.08,8136.26,118,0,5
2004-03-31,Sub-Saharan Africa,158.38,158.38,27290.34,19154.08,8136.26,118,0,5
2004-03-31,Australasia / Oceania,79.74,79.74,27290.34,19154.08,8136.26,118,0,5
2004-06-30,North America,8139.39,3.39,27214.43,19078.43,8136.00,117,1,5
2004-06-30,Western Europe,13522.76,13522.76,27214.43,19078.43,8136.00,117,1,5
2004-06-30,East Asia,1806.26,1806.26,27214.43,19078.43,8136.00,117,1,5
2004-06-30,Central and Eastern Europe,851.72,851.72,27214.43,19078.43,8136.00,117,1,5
2004-06-30,Central Asia,58.52,58.52,27214.43,19078.43,8136.00,117,1,5
2004-06-30,South Asia,436.40,436.40,27214.43,19078.43,8136.00,117,1,5
2004-06-30,Middle East & North Africa,976.54,976.54,27214.43,19078.43,8136.00,117,1,5
2004-06-30,South East Asia,612.35,612.35,27214.43,19078.43,8136.00,117,1,5
2004-06-30,Latin America & Caribbean,568.16,568.16,27214.43,19078.43,8136.00,117,1,5
2004-06-30,Sub-Saharan Africa,162.56,162.56,27214.43,19078.43,8136.00,117,1,5
2004-06-30,Australasia / Oceania,79.77,79.77,27214.43,19078.43,8136.00,117,1,5
2004-09-30,North America,8138.42,3.39,27153.42,19018.39,8135.03,117,1,5
2004-09-30,Western Europe,13445.69,13445.69,27153.42,19018.39,8135.03,117,1,5
2004-09-30,East Asia,1807.64,1807.64,27153.42,19018.39,8135.03,117,1,5
2004-09-30,Central and Eastern Europe,853.29,853.29,27153.42,19018.39,8135.03,117,1,5
2004-09-30,Central Asia,59.81,59.81,27153.42,19018.39,8135.03,117,1,5
2004-09-30,South Asia,436.40,436.40,27153.42,19018.39,8135.03,117,1,5
2004-09-30,Middle East & North Africa,976.54,976.54,27153.42,19018.39,8135.03,117,1,5
2004-09-30,South East Asia,615.39,615.39,27153.42,19018.39,8135.03,117,1,5
2004-09-30,Latin America & Caribbean,579.48,579.48,27153.42,19018.39,8135.03,117,1,5
2004-09-30,Sub-Saharan Africa,160.99,160.99,27153.42,19018.39,8135.03,117,1,5
2004-09-30,Australasia / Oceania,79.77,79.77,27153.42,19018.39,8135.03,117,1,5
2004-12-31,North America,8139.57,3.39,26990.26,18854.08,8136.18,119,0,4
2004-12-31,Western Europe,13312.17,13312.17,26990.26,18854.08,8136.18,119,0,4
2004-12-31,East Asia,1805.72,1805.72,26990.26,18854.08,8136.18,119,0,4
2004-12-31,Central and Eastern Europe,851.47,851.47,26990.26,18854.08,8136.18,119,0,4
2004-12-31,Central Asia,60.67,60.67,26990.26,18854.08,8136.18,119,0,4
2004-12-31,South Asia,436.45,436.45,26990.26,18854.08,8136.18,119,0,4
2004-12-31,Middle East & North Africa,983.11,983.11,26990.26,18854.08,8136.18,119,0,4
2004-12-31,South East Asia,583.68,583.68,26990.26,18854.08,8136.18,119,0,4
2004-12-31,Latin America & Caribbean,577.19,577.19,26990.26,18854.08,8136.18,119,0,4
2004-12-31,Sub-Saharan Africa,160.46,160.46,26990.26,18854.08,8136.18,119,0,4
2004-12-31,Australasia / Oceania,79.77,79.77,26990.26,18854.08,8136.18,119,0,4
2005-03-31,North America,8136.91,3.39,26800.80,18667.28,8133.52,119,0,4
2005-03-31,Western Europe,13150.11,13150.11,26800.80,18667.28,8133.52,119,0,4
2005-03-31,East Asia,1808.27,1808.27,26800.80,18667.28,8133.52,119,0,4
2005-03-31,Central and Eastern Europe,851.09,851.09,26800.80,18667.28,8133.52,119,0,4
2005-03-31,Central Asia,61.74,61.74,26800.80,18667.28,8133.52,119,0,4
2005-03-31,South Asia,435.71,435.71,26800.80,18667.28,8133.52,119,0,4
2005-03-31,Middle East & North Africa,982.41,982.41,26800.80,18667.28,8133.52,119,0,4
2005-03-31,South East Asia,559.48,559.48,26800.80,18667.28,8133.52,119,0,4
2005-03-31,Latin America & Caribbean,574.80,574.80,26800.80,18667.28,8133.52,119,0,4
2005-03-31,Sub-Saharan Africa,160.51,160.51,26800.80,18667.28,8133.52,119,0,4
2005-03-31,Australasia / Oceania,79.77,79.77,26800.80,18667.28,8133.52,119,0,4
2005-06-30,North America,8136.88,3.39,26684.15,18550.66,8133.49,119,0,4
2005-06-30,Western Europe,13040.39,13040.39,26684.15,18550.66,8133.49,119,0,4
2005-06-30,East Asia,1809.15,1809.15,26684.15,18550.66,8133.49,119,0,4
2005-06-30,Central and Eastern Europe,855.90,855.90,26684.15,18550.66,8133.49,119,0,4
2005-06-30,Central Asia,62.48,62.48,26684.15,18550.66,8133.49,119,0,4
2005-06-30,South Asia,435.71,435.71,26684.15,18550.66,8133.49,119,0,4
2005-06-30,Middle East & North Africa,982.40,982.40,26684.15,18550.66,8133.49,119,0,4
2005-06-30,South East Asia,547.98,547.98,26684.15,18550.66,8133.49,119,0,4
2005-06-30,Latin America & Caribbean,573.60,573.60,26684.15,18550.66,8133.49,119,0,4
2005-06-30,Sub-Saharan Africa,159.89,159.89,26684.15,18550.66,8133.49,119,0,4
2005-06-30,Australasia / Oceania,79.77,79.77,26684.15,18550.66,8133.49,119,0,4
2005-09-30,North America,8136.85,3.39,26616.74,18483.28,8133.46,119,0,4
2005-09-30,Western Europe,12975.98,12975.98,26616.74,18483.28,8133.46,119,0,4
2005-09-30,East Asia,1809.81,1809.81,26616.74,18483.28,8133.46,119,0,4
2005-09-30,Central and Eastern Europe,864.57,864.57,26616.74,18483.28,8133.46,119,0,4
2005-09-30,Central Asia,63.02,63.02,26616.74,18483.28,8133.46,119,0,4
2005-09-30,South Asia,435.71,435.71,26616.74,18483.28,8133.46,119,0,4
2005-09-30,Middle East & North Africa,982.40,982.40,26616.74,18483.28,8133.46,119,0,4
2005-09-30,South East Asia,533.73,533.73,26616.74,18483.28,8133.46,119,0,4
2005-09-30,Latin America & Caribbean,573.12,573.12,26616.74,18483.28,8133.46,119,0,4
2005-09-30,Sub-Saharan Africa,161.78,161.78,26616.74,18483.28,8133.46,119,0,4
2005-09-30,Australasia / Oceania,79.77,79.77,26616.74,18483.28,8133.46,119,0,4
2005-12-31,North America,8138.46,3.39,26457.18,18322.11,8135.07,119,0,4
2005-12-31,Western Europe,12836.81,12836.81,26457.18,18322.11,8135.07,119,0,4
2005-12-31,East Asia,1804.83,1804.83,26457.18,18322.11,8135.07,119,0,4
2005-12-31,Central and Eastern Europe,865.92,865.92,26457.18,18322.11,8135.07,119,0,4
2005-12-31,Central Asia,63.58,63.58,26457.18,18322.11,8135.07,119,0,4
2005-12-31,South Asia,435.71,435.71,26457.18,18322.11,8135.07,119,0,4
2005-12-31,Middle East & North Africa,982.40,982.40,26457.18,18322.11,8135.07,119,0,4
2005-12-31,South East Asia,517.64,517.64,26457.18,18322.11,8135.07,119,0,4
2005-12-31,Latin America & Caribbean,570.53,570.53,26457.18,18322.11,8135.07,119,0,4
2005-12-31,Sub-Saharan Africa,161.50,161.50,26457.18,18322.11,8135.07,119,0,4
2005-12-31,Australasia / Oceania,79.80,79.80,26457.18,18322.11,8135.07,119,0,4
2006-03-31,North America,8138.37,3.39,26385.62,18250.64,8134.98,119,0,4
2006-03-31,Western Europe,12765.79,12765.79,26385.62,18250.64,8134.98,119,0,4
2006-03-31,East Asia,1806.83,1806.83,26385.62,18250.64,8134.98,119,0,4
2006-03-31,Central and Eastern Europe,865.51,865.51,26385.62,18250.64,8134.98,119,0,4
2006-03-31,Central Asia,66.74,66.74,26385.62,18250.64,8134.98,119,0,4
2006-03-31,South Asia,435.71,435.71,26385.62,18250.64,8134.98,119,0,4
2006-03-31,Middle East & North Africa,982.40,982.40,26385.62,18250.64,8134.98,119,0,4
2006-03-31,South East Asia,512.56,512.56,26385.62,18250.64,8134.98,119,0,4
2006-03-31,Latin America & Caribbean,571.00,571.00,26385.62,18250.64,8134.98,119,0,4
2006-03-31,Sub-Saharan Africa,160.91,160.91,26385.62,18250.64,8134.98,119,0,4
2006-03-31,Australasia / Oceania,79.80,79.80,26385.62,18250.64,8134.98,119,0,4
2006-06-30,North America,8136.85,3.39,26340.20,18206.74,8133.46,119,0,4
2006-06-30,Western Europe,12727.46,12727.46,26340.20,18206.74,8133.46,119,0,4
2006-06-30,East Asia,1814.79,1814.79,26340.20,18206.74,8133.46,119,0,4
2006-06-30,Central and Eastern Europe,862.96,862.96,26340.20,18206.74,8133.46,119,0,4
2006-06-30,Central Asia,63.68,63.68,26340.20,18206.74,8133.46,119,0,4
2006-06-30,South Asia,435.71,435.71,26340.20,18206.74,8133.46,119,0,4
2006-06-30,Middle East & North Africa,982.34,982.34,26340.20,18206.74,8133.46,119,0,4
2006-06-30,South East Asia,509.42,509.42,26340.20,18206.74,8133.46,119,0,4
2006-06-30,Latin America & Caribbean,566.87,566.87,26340.20,18206.74,8133.46,119,0,4
2006-06-30,Sub-Saharan Africa,160.32,160.32,26340.20,18206.74,8133.46,119,0,4
2006-06-30,Australasia / Oceania,79.80,79.80,26340.20,18206.74,8133.46,119,0,4
2006-09-30,North America,8136.85,3.39,26229.51,18096.05,8133.46,119,0,4
2006-09-30,Western Europe,12639.64,12639.64,26229.51,18096.05,8133.46,119,0,4
2006-09-30,East Asia,1811.94,1811.94,26229.51,18096.05,8133.46,119,0,4
2006-09-30,Central and Eastern Europe,865.60,865.60,26229.51,18096.05,8133.46,119,0,4
2006-09-30,Central Asia,63.65,63.65,26229.51,18096.05,8133.46,119,0,4
2006-09-30,South Asia,431.74,431.74,26229.51,18096.05,8133.46,119,0,4
2006-09-30,Middle East & North Africa,982.31,982.31,26229.51,18096.05,8133.46,119,0,4
2006-09-30,South East Asia,489.69,489.69,26229.51,18096.05,8133.46,119,0,4
2006-09-30,Latin America & Caribbean,566.73,566.73,26229.51,18096.05,8133.46,119,0,4
2006-09-30,Sub-Saharan Africa,161.56,161.56,26229.51,18096.05,8133.46,119,0,4
2006-09-30,Australasia / Oceania,79.80,79.80,26229.51,18096.05,8133.46,119,0,4
2006-12-31,North America,8136.85,3.39,26184.35,18050.89,8133.46,119,0,4
2006-12-31,Western Europe,12575.24,12575.24,26184.35,18050.89,8133.46,119,0,4
2006-12-31,East Asia,1810.26,1810.26,26184.35,18050.89,8133.46,119,0,4
2006-12-31,Central and Eastern Europe,883.13,883.13,26184.35,18050.89,8133.46,119,0,4
2006-12-31,Central Asia,71.32,71.32,26184.35,18050.89,8133.46,119,0,4
2006-12-31,South Asia,431.74,431.74,26184.35,18050.89,8133.46,119,0,4
2006-12-31,Middle East & North Africa,982.31,982.31,26184.35,18050.89,8133.46,119,0,4
2006-12-31,South East Asia,485.52,485.52,26184.35,18050.89,8133.46,119,0,4
2006-12-31,Latin America & Caribbean,566.59,566.59,26184.35,18050.89,8133.46,119,0,4
2006-12-31,Sub-Saharan Africa,161.59,161.59,26184.35,18050.89,8133.46,119,0,4
2006-12-31,Australasia / Oceania,79.80,79.80,26184.35,18050.89,8133.46,119,0,4
2007-03-31,North America,8136.85,3.39,26109.40,17975.94,8133.46,119,0,4
2007-03-31,Western Europe,12502.45,12502.45,26109.40,17975.94,8133.46,119,0,4
2007-03-31,East Asia,1807.60,1807.60,26109.40,17975.94,8133.46,119,0,4
2007-03-31,Central and Eastern Europe,877.84,877.84,26109.40,17975.94,8133.46,119,0,4
2007-03-31,Central Asia,71.93,71.93,26109.40,17975.94,8133.46,119,0,4
2007-03-31,South Asia,431.74,431.74,26109.40,17975.94,8133.46,119,0,4
2007-03-31,Middle East & North Africa,990.08,990.08,26109.40,17975.94,8133.46,119,0,4
2007-03-31,South East Asia,482.58,482.58,26109.40,17975.94,8133.46,119,0,4
2007-03-31,Latin America & Caribbean,566.94,566.94,26109.40,17975.94,8133.46,119,0,4
2007-03-31,Sub-Saharan Africa,161.59,161.59,26109.40,17975.94,8133.46,119,0,4
2007-03-31,Australasia / Oceania,79.80,79.80,26109.40,17975.94,8133.46,119,0,4
2007-06-30,North America,8136.85,3.39,26008.13,17874.67,8133.46,119,0,4
2007-06-30,Western Europe,12387.87,12387.87,26008.13,17874.67,8133.46,119,0,4
2007-06-30,East Asia,1808.49,1808.49,26008.13,17874.67,8133.46,119,0,4
2007-06-30,Central and Eastern Europe,885.16,885.16,26008.13,17874.67,8133.46,119,0,4
2007-06-30,Central Asia,73.96,73.96,26008.13,17874.67,8133.46,119,0,4
2007-06-30,South Asia,431.75,431.75,26008.13,17874.67,8133.46,119,0,4
2007-06-30,Middle East & North Africa,993.66,993.66,26008.13,17874.67,8133.46,119,0,4
2007-06-30,South East Asia,481.93,481.93,26008.13,17874.67,8133.46,119,0,4
2007-06-30,Latin America & Caribbean,566.70,566.70,26008.13,17874.67,8133.46,119,0,4
2007-06-30,Sub-Saharan Africa,161.93,161.93,26008.13,17874.67,8133.46,119,0,4
2007-06-30,Australasia / Oceania,79.83,79.83,26008.13,17874.67,8133.46,119,0,4
2007-09-30,North America,8136.85,3.39,25846.31,17712.85,8133.46,119,0,4
2007-09-30,Western Europe,12228.69,12228.69,25846.31,17712.85,8133.46,119,0,4
2007-09-30,East Asia,1810.64,1810.64,25846.31,17712.85,8133.46,119,0,4
2007-09-30,Central and Eastern Europe,901.05,901.05,25846.31,17712.85,8133.46,119,0,4
2007-09-30,Central Asia,66.83,66.83,25846.31,17712.85,8133.46,119,0,4
2007-09-30,South Asia,431.75,431.75,25846.31,17712.85,8133.46,119,0,4
2007-09-30,Middle East & North Africa,992.58,992.58,25846.31,17712.85,8133.46,119,0,4
2007-09-30,South East Asia,468.68,468.68,25846.31,17712.85,8133.46,119,0,4
2007-09-30,Latin America & Caribbean,567.48,567.48,25846.31,17712.85,8133.46,119,0,4
2007-09-30,Sub-Saharan Africa,161.93,161.93,25846.31,17712.85,8133.46,119,0,4
2007-09-30,Australasia / Oceania,79.83,79.83,25846.31,17712.85,8133.46,119,0,4
2007-12-31,North America,8136.85,3.39,25792.20,17658.74,8133.46,119,0,4
2007-12-31,Western Europe,12136.45,12136.45,25792.20,17658.74,8133.46,119,0,4
2007-12-31,East Asia,1812.32,1812.32,25792.20,17658.74,8133.46,119,0,4
2007-12-31,Central and Eastern Europe,922.98,922.98,25792.20,17658.74,8133.46,119,0,4
2007-12-31,Central Asia,73.81,73.81,25792.20,17658.74,8133.46,119,0,4
2007-12-31,South Asia,431.87,431.87,25792.20,17658.74,8133.46,119,0,4
2007-12-31,Middle East & North Africa,995.69,995.69,25792.20,17658.74,8133.46,119,0,4
2007-12-31,South East Asia,473.46,473.46,25792.20,17658.74,8133.46,119,0,4
2007-12-31,Latin America & Caribbean,567.19,567.19,25792.20,17658.74,8133.46,119,0,4
2007-12-31,Sub-Saharan Africa,161.75,161.75,25792.20,17658.74,8133.46,119,0,4
2007-12-31,Australasia / Oceania,79.83,79.83,25792.20,17658.74,8133.46,119,0,4
2008-03-31,North America,8136.85,3.39,25914.42,17780.96,8133.46,119,0,4
2008-03-31,Western Europe,12067.38,12067.38,25914.42,17780.96,8133.46,119,0,4
2008-03-31,East Asia,1809.76,1809.76,25914.42,17780.96,8133.46,119,0,4
2008-03-31,Central and Eastern Europe,939.61,939.61,25914.42,17780.96,8133.46,119,0,4
2008-03-31,Central Asia,71.72,71.72,25914.42,17780.96,8133.46,119,0,4
2008-03-31,South Asia,431.87,431.87,25914.42,17780.96,8133.46,119,0,4
2008-03-31,Middle East & North Africa,1175.40,1175.40,25914.42,17780.96,8133.46,119,0,4
2008-03-31,South East Asia,472.93,472.93,25914.42,17780.96,8133.46,119,0,4
2008-03-31,Latin America & Caribbean,567.23,567.23,25914.42,17780.96,8133.46,119,0,4
2008-03-31,Sub-Saharan Africa,161.81,161.81,25914.42,17780.96,8133.46,119,0,4
2008-03-31,Australasia / Oceania,79.86,79.86,25914.42,17780.96,8133.46,119,0,4
2008-06-30,North America,8136.85,3.39,25858.47,17725.01,8133.46,119,0,4
2008-06-30,Western Europe,12005.62,12005.62,25858.47,17725.01,8133.46,119,0,4
2008-06-30,East Asia,1807.93,1807.93,25858.47,17725.01,8133.46,119,0,4
2008-06-30,Central and Eastern Europe,942.12,942.12,25858.47,17725.01,8133.46,119,0,4
2008-06-30,Central Asia,73.08,73.08,25858.47,17725.01,8133.46,119,0,4
2008-06-30,South Asia,431.98,431.98,25858.47,17725.01,8133.46,119,0,4
2008-06-30,Middle East & North Africa,1176.02,1176.02,25858.47,17725.01,8133.46,119,0,4
2008-06-30,South East Asia,476.43,476.43,25858.47,17725.01,8133.46,119,0,4
2008-06-30,Latin America & Caribbean,566.77,566.77,25858.47,17725.01,8133.46,119,0,4
2008-06-30,Sub-Saharan Africa,161.81,161.81,25858.47,17725.01,8133.46,119,0,4
2008-06-30,Australasia / Oceania,79.86,79.86,25858.47,17725.01,8133.46,119,0,4
2008-09-30,North America,8136.85,3.39,25853.83,17720.37,8133.46,120,0,3
2008-09-30,Western Europe,11942.89,11942.89,25853.83,17720.37,8133.46,120,0,3
2008-09-30,East Asia,1808.43,1808.43,25853.83,17720.37,8133.46,120,0,3
2008-09-30,Central and Eastern Europe,974.26,974.26,25853.83,17720.37,8133.46,120,0,3
2008-09-30,Central Asia,98.38,98.38,25853.83,17720.37,8133.46,120,0,3
2008-09-30,South Asia,431.98,431.98,25853.83,17720.37,8133.46,120,0,3
2008-09-30,Middle East & North Africa,1174.00,1174.00,25853.83,17720.37,8133.46,120,0,3
2008-09-30,South East Asia,477.20,477.20,25853.83,17720.37,8133.46,120,0,3
2008-09-30,Latin America & Caribbean,568.14,568.14,25853.83,17720.37,8133.46,120,0,3
2008-09-30,Sub-Saharan Africa,161.84,161.84,25853.83,17720.37,8133.46,120,0,3
2008-09-30,Australasia / Oceania,79.86,79.86,25853.83,17720.37,8133.46,120,0,3
2008-12-31,North America,8136.85,3.39,25852.49,17719.03,8133.46,120,0,3
2008-12-31,Western Europe,11894.33,11894.33,25852.49,17719.03,8133.46,120,0,3
2008-12-31,East Asia,1808.63,1808.63,25852.49,17719.03,8133.46,120,0,3
2008-12-31,Central and Eastern Europe,997.78,997.78,25852.49,17719.03,8133.46,120,0,3
2008-12-31,Central Asia,98.52,98.52,25852.49,17719.03,8133.46,120,0,3
2008-12-31,South Asia,431.98,431.98,25852.49,17719.03,8133.46,120,0,3
2008-12-31,Middle East & North Africa,1174.03,1174.03,25852.49,17719.03,8133.46,120,0,3
2008-12-31,South East Asia,498.08,498.08,25852.49,17719.03,8133.46,120,0,3
2008-12-31,Latin America & Caribbean,570.26,570.26,25852.49,17719.03,8133.46,120,0,3
2008-12-31,Sub-Saharan Africa,162.17,162.17,25852.49,17719.03,8133.46,120,0,3
2008-12-31,Australasia / Oceania,79.86,79.86,25852.49,17719.03,8133.46,120,0,3
2009-03-31,North America,8136.85,3.39,25816.03,17682.57,8133.46,119,1,3
2009-03-31,Western Europe,11851.20,11851.20,25816.03,17682.57,8133.46,119,1,3
2009-03-31,East Asia,1805.23,1805.23,25816.03,17682.57,8133.46,119,1,3
2009-03-31,Central and Eastern Europe,1009.89,1009.89,25816.03,17682.57,8133.46,119,1,3
2009-03-31,Central Asia,98.63,98.63,25816.03,17682.57,8133.46,119,1,3
2009-03-31,South Asia,431.98,431.98,25816.03,17682.57,8133.46,119,1,3
2009-03-31,Middle East & North Africa,1174.03,1174.03,25816.03,17682.57,8133.46,119,1,3
2009-03-31,South East Asia,498.18,498.18,25816.03,17682.57,8133.46,119,1,3
2009-03-31,Latin America & Caribbean,569.58,569.58,25816.03,17682.57,8133.46,119,1,3
2009-03-31,Sub-Saharan Africa,160.59,160.59,25816.03,17682.57,8133.46,119,1,3
2009-03-31,Australasia / Oceania,79.87,79.87,25816.03,17682.57,8133.46,119,1,3
2009-06-30,North America,8136.85,3.39,26283.00,18149.54,8133.46,119,1,3
2009-06-30,Western Europe,11837.59,11837.59,26283.00,18149.54,8133.46,119,1,3
2009-06-30,East Asia,2259.89,2259.89,26283.00,18149.54,8133.46,119,1,3
2009-06-30,Central and Eastern Europe,1028.62,1028.62,26283.00,18149.54,8133.46,119,1,3
2009-06-30,Central Asia,99.60,99.60,26283.00,18149.54,8133.46,119,1,3
2009-06-30,South Asia,431.98,431.98,26283.00,18149.54,8133.46,119,1,3
2009-06-30,Middle East & North Africa,1174.03,1174.03,26283.00,18149.54,8133.46,119,1,3
2009-06-30,South East Asia,501.87,501.87,26283.00,18149.54,8133.46,119,1,3
2009-06-30,Latin America & Caribbean,572.39,572.39,26283.00,18149.54,8133.46,119,1,3
2009-06-30,Sub-Saharan Africa,160.31,160.31,26283.00,18149.54,8133.46,119,1,3
2009-06-30,Australasia / Oceania,79.87,79.87,26283.00,18149.54,8133.46,119,1,3
2009-09-30,North America,8136.85,3.39,26313.34,18179.88,8133.46,119,1,3
2009-09-30,Western Europe,11821.55,11821.55,26313.34,18179.88,8133.46,119,1,3
2009-09-30,East Asia,2259.94,2259.94,26313.34,18179.88,8133.46,119,1,3
2009-09-30,Central and Eastern Europe,1077.22,1077.22,26313.34,18179.88,8133.46,119,1,3
2009-09-30,Central Asia,98.06,98.06,26313.34,18179.88,8133.46,119,1,3
2009-09-30,South Asia,433.44,433.44,26313.34,18179.88,8133.46,119,1,3
2009-09-30,Middle East & North Africa,1174.03,1174.03,26313.34,18179.88,8133.46,119,1,3
2009-09-30,South East Asia,498.81,498.81,26313.34,18179.88,8133.46,119,1,3
2009-09-30,Latin America & Caribbean,573.26,573.26,26313.34,18179.88,8133.46,119,1,3
2009-09-30,Sub-Saharan Africa,160.31,160.31,26313.34,18179.88,8133.46,119,1,3
2009-09-30,Australasia / Oceania,79.87,79.87,26313.34,18179.88,8133.46,119,1,3
2009-12-31,North America,8136.85,3.39,26592.02,18458.56,8133.46,119,1,3
2009-12-31,Western Europe,11820.38,11820.38,26592.02,18458.56,8133.46,119,1,3
2009-12-31,East Asia,2260.37,2260.37,26592.02,18458.56,8133.46,119,1,3
2009-12-31,Central and Eastern Europe,1135.56,1135.56,26592.02,18458.56,8133.46,119,1,3
2009-12-31,Central Asia,97.20,97.20,26592.02,18458.56,8133.46,119,1,3
2009-12-31,South Asia,649.24,649.24,26592.02,18458.56,8133.46,119,1,3
2009-12-31,Middle East & North Africa,1174.05,1174.05,26592.02,18458.56,8133.46,119,1,3
2009-12-31,South East Asia,499.24,499.24,26592.02,18458.56,8133.46,119,1,3
2009-12-31,Latin America & Caribbean,577.23,577.23,26592.02,18458.56,8133.46,119,1,3
2009-12-31,Sub-Saharan Africa,162.03,162.03,26592.02,18458.56,8133.46,119,1,3
2009-12-31,Australasia / Oceania,79.87,79.87,26592.02,18458.56,8133.46,119,1,3
2010-03-31,North America,8136.85,3.39,26633.09,18499.63,8133.46,119,1,3
2010-03-31,Western Europe,11820.25,11820.25,26633.09,18499.63,8133.46,119,1,3
2010-03-31,East Asia,2260.37,2260.37,26633.09,18499.63,8133.46,119,1,3
2010-03-31,Central and Eastern Europe,1162.67,1162.67,26633.09,18499.63,8133.46,119,1,3
2010-03-31,Central Asia,100.41,100.41,26633.09,18499.63,8133.46,119,1,3
2010-03-31,South Asia,647.80,647.80,26633.09,18499.63,8133.46,119,1,3
2010-03-31,Middle East & North Africa,1174.01,1174.01,26633.09,18499.63,8133.46,119,1,3
2010-03-31,South East Asia,508.86,508.86,26633.09,18499.63,8133.46,119,1,3
2010-03-31,Latin America & Caribbean,579.97,579.97,26633.09,18499.63,8133.46,119,1,3
2010-03-31,Sub-Saharan Africa,162.03,162.03,26633.09,18499.63,8133.46,119,1,3
2010-03-31,Australasia / Oceania,79.87,79.87,26633.09,18499.63,8133.46,119,1,3
2010-06-30,North America,8136.85,3.39,26662.09,18528.63,8133.46,118,2,3
2010-06-30,Western Europe,11819.65,11819.65,26662.09,18528.63,8133.46,118,2,3
2010-06-30,East Asia,2260.37,2260.37,26662.09,18528.63,8133.46,118,2,3
2010-06-30,Central and Eastern Europe,1193.60,1193.60,26662.09,18528.63,8133.46,118,2,3
2010-06-30,Central Asia,95.39,95.39,26662.09,18528.63,8133.46,118,2,3
2010-06-30,South Asia,644.46,644.46,26662.09,18528.63,8133.46,118,2,3
2010-06-30,Middle East & North Africa,1174.01,1174.01,26662.09,18528.63,8133.46,118,2,3
2010-06-30,South East Asia,516.04,516.04,26662.09,18528.63,8133.46,118,2,3
2010-06-30,Latin America & Caribbean,579.79,579.79,26662.09,18528.63,8133.46,118,2,3
2010-06-30,Sub-Saharan Africa,162.06,162.06,26662.09,18528.63,8133.46,118,2,3
2010-06-30,Australasia / Oceania,79.87,79.87,26662.09,18528.63,8133.46,118,2,3
2010-09-30,North America,8136.85,3.39,26733.13,18599.67,8133.46,119,1,3
2010-09-30,Western Europe,11814.59,11814.59,26733.13,18599.67,8133.46,119,1,3
2010-09-30,East Asia,2260.39,2260.39,26733.13,18599.67,8133.46,119,1,3
2010-09-30,Central and Eastern Europe,1241.44,1241.44,26733.13,18599.67,8133.46,119,1,3
2010-09-30,Central Asia,94.36,94.36,26733.13,18599.67,8133.46,119,1,3
2010-09-30,South Asia,654.34,654.34,26733.13,18599.67,8133.46,119,1,3
2010-09-30,Middle East & North Africa,1174.01,1174.01,26733.13,18599.67,8133.46,119,1,3
2010-09-30,South East Asia,535.63,535.63,26733.13,18599.67,8133.46,119,1,3
2010-09-30,Latin America & Caribbean,579.59,579.59,26733.13,18599.67,8133.46,119,1,3
2010-09-30,Sub-Saharan Africa,162.06,162.06,26733.13,18599.67,8133.46,119,1,3
2010-09-30,Australasia / Oceania,79.87,79.87,26733.13,18599.67,8133.46,119,1,3
2010-12-31,North America,8136.85,3.39,26757.93,18624.47,8133.46,119,1,3
2010-12-31,Western Europe,11813.59,11813.59,26757.93,18624.47,8133.46,119,1,3
2010-12-31,East Asia,2261.48,2261.48,26757.93,18624.47,8133.46,119,1,3
2010-12-31,Central and Eastern Europe,1287.29,1287.29,26757.93,18624.47,8133.46,119,1,3
2010-12-31,Central Asia,93.52,93.52,26757.93,18624.47,8133.46,119,1,3
2010-12-31,South Asia,647.86,647.86,26757.93,18624.47,8133.46,119,1,3
2010-12-31,Middle East & North Africa,1173.95,1173.95,26757.93,18624.47,8133.46,119,1,3
2010-12-31,South East Asia,513.79,513.79,26757.93,18624.47,8133.46,119,1,3
2010-12-31,Latin America & Caribbean,587.64,587.64,26757.93,18624.47,8133.46,119,1,3
2010-12-31,Sub-Saharan Africa,162.09,162.09,26757.93,18624.47,8133.46,119,1,3
2010-12-31,Australasia / Oceania,79.87,79.87,26757.93,18624.47,8133.46,119,1,3
2011-03-31,North America,8136.85,3.39,26879.78,18746.32,8133.46,119,1,3
2011-03-31,Western Europe,11813.53,11813.53,26879.78,18746.32,8133.46,119,1,3
2011-03-31,East Asia,2261.48,2261.48,26879.78,18746.32,8133.46,119,1,3
2011-03-31,Central and Eastern Europe,1304.78,1304.78,26879.78,18746.32,8133.46,119,1,3
2011-03-31,Central Asia,94.67,94.67,26879.78,18746.32,8133.46,119,1,3
2011-03-31,South Asia,648.89,648.89,26879.78,18746.32,8133.46,119,1,3
2011-03-31,Middle East & North Africa,1174.01,1174.01,26879.78,18746.32,8133.46,119,1,3
2011-03-31,South East Asia,522.70,522.70,26879.78,18746.32,8133.46,119,1,3
2011-03-31,Latin America & Caribbean,680.85,680.85,26879.78,18746.32,8133.46,119,1,3
2011-03-31,Sub-Saharan Africa,162.15,162.15,26879.78,18746.32,8133.46,119,1,3
2011-03-31,Australasia / Oceania,79.87,79.87,26879.78,18746.32,8133.46,119,1,3
2011-06-30,North America,8136.85,3.39,26945.95,18812.49,8133.46,119,1,3
2011-06-30,Western Europe,11813.56,11813.56,26945.95,18812.49,8133.46,119,1,3
2011-06-30,East Asia,2261.48,2261.48,26945.95,18812.49,8133.46,119,1,3
2011-06-30,Central and Eastern Europe,1333.13,1333.13,26945.95,18812.49,8133.46,119,1,3
2011-06-30,Central Asia,97.92,97.92,26945.95,18812.49,8133.46,119,1,3
2011-06-30,South Asia,653.12,653.12,26945.95,18812.49,8133.46,119,1,3
2011-06-30,Middle East & North Africa,1175.56,1175.56,26945.95,18812.49,8133.46,119,1,3
2011-06-30,South East Asia,545.71,545.71,26945.95,18812.49,8133.46,119,1,3
2011-06-30,Latin America & Caribbean,686.60,686.60,26945.95,18812.49,8133.46,119,1,3
2011-06-30,Sub-Saharan Africa,162.15,162.15,26945.95,18812.49,8133.46,119,1,3
2011-06-30,Australasia / Oceania,79.87,79.87,26945.95,18812.49,8133.46,119,1,3
2011-09-30,North America,8136.85,3.39,27014.32,18880.86,8133.46,118,2,3
2011-09-30,Western Europe,11813.59,11813.59,27014.32,18880.86,8133.46,118,2,3
2011-09-30,East Asia,2286.75,2286.75,27014.32,18880.86,8133.46,118,2,3
2011-09-30,Central and Eastern Europe,1347.90,1347.90,27014.32,18880.86,8133.46,118,2,3
2011-09-30,Central Asia,99.63,99.63,27014.32,18880.86,8133.46,118,2,3
2011-09-30,South Asia,648.72,648.72,27014.32,18880.86,8133.46,118,2,3
2011-09-30,Middle East & North Africa,1174.01,1174.01,27014.32,18880.86,8133.46,118,2,3
2011-09-30,South East Asia,555.27,555.27,27014.32,18880.86,8133.46,118,2,3
2011-09-30,Latin America & Caribbean,709.58,709.58,27014.32,18880.86,8133.46,118,2,3
2011-09-30,Sub-Saharan Africa,162.15,162.15,27014.32,18880.86,8133.46,118,2,3
2011-09-30,Australasia / Oceania,79.87,79.87,27014.32,18880.86,8133.46,118,2,3
2011-12-31,North America,8136.85,3.39,27057.40,18923.94,8133.46,118,2,3
2011-12-31,Western Europe,11809.10,11809.10,27057.40,18923.94,8133.46,118,2,3
2011-12-31,East Asia,2301.72,2301.72,27057.40,18923.94,8133.46,118,2,3
2011-12-31,Central and Eastern Europe,1386.47,1386.47,27057.40,18923.94,8133.46,118,2,3
2011-12-31,Central Asia,111.15,111.15,27057.40,18923.94,8133.46,118,2,3
2011-12-31,South Asia,647.10,647.10,27057.40,18923.94,8133.46,118,2,3
2011-12-31,Middle East & North Africa,1146.82,1146.82,27057.40,18923.94,8133.46,118,2,3
2011-12-31,South East Asia,571.71,571.71,27057.40,18923.94,8133.46,118,2,3
2011-12-31,Latin America & Caribbean,704.28,704.28,27057.40,18923.94,8133.46,118,2,3
2011-12-31,Sub-Saharan Africa,162.33,162.33,27057.40,18923.94,8133.46,118,2,3
2011-12-31,Australasia / Oceania,79.87,79.87,27057.40,18923.94,8133.46,118,2,3
2012-03-31,North America,8136.85,3.39,27139.86,19006.40,8133.46,118,2,3
2012-03-31,Western Europe,11809.16,11809.16,27139.86,19006.40,8133.46,118,2,3
2012-03-31,East Asia,2301.74,2301.74,27139.86,19006.40,8133.46,118,2,3
2012-03-31,Central and Eastern Europe,1405.49,1405.49,27139.86,19006.40,8133.46,118,2,3
2012-03-31,Central Asia,125.51,125.51,27139.86,19006.40,8133.46,118,2,3
2012-03-31,South Asia,643.29,643.29,27139.86,19006.40,8133.46,118,2,3
2012-03-31,Middle East & North Africa,1147.13,1147.13,27139.86,19006.40,8133.46,118,2,3
2012-03-31,South East Asia,606.81,606.81,27139.86,19006.40,8133.46,118,2,3
2012-03-31,Latin America & Caribbean,720.87,720.87,27139.86,19006.40,8133.46,118,2,3
2012-03-31,Sub-Saharan Africa,163.14,163.14,27139.86,19006.40,8133.46,118,2,3
2012-03-31,Australasia / Oceania,79.87,79.87,27139.86,19006.40,8133.46,118,2,3
2012-06-30,North America,8136.85,3.39,27177.29,19043.83,8133.46,118,2,3
2012-06-30,Western Europe,11808.47,11808.47,27177.29,19043.83,8133.46,118,2,3
2012-06-30,East Asia,2302.05,2302.05,27177.29,19043.83,8133.46,118,2,3
2012-06-30,Central and Eastern Europe,1431.62,1431.62,27177.29,19043.83,8133.46,118,2,3
2012-06-30,Central Asia,131.20,131.20,27177.29,19043.83,8133.46,118,2,3
2012-06-30,South Asia,645.72,645.72,27177.29,19043.83,8133.46,118,2,3
2012-06-30,Middle East & North Africa,1147.46,1147.46,27177.29,19043.83,8133.46,118,2,3
2012-06-30,South East Asia,607.02,607.02,27177.29,19043.83,8133.46,118,2,3
2012-06-30,Latin America & Caribbean,723.89,723.89,27177.29,19043.83,8133.46,118,2,3
2012-06-30,Sub-Saharan Africa,163.14,163.14,27177.29,19043.83,8133.46,118,2,3
2012-06-30,Australasia / Oceania,79.87,79.87,27177.29,19043.83,8133.46,118,2,3
2012-09-30,North America,8136.85,3.39,27240.07,19106.61,8133.46,118,2,3
2012-09-30,Western Europe,11808.54,11808.54,27240.07,19106.61,8133.46,118,2,3
2012-09-30,East Asia,2319.10,2319.10,27240.07,19106.61,8133.46,118,2,3
2012-09-30,Central and Eastern Europe,1448.48,1448.48,27240.07,19106.61,8133.46,118,2,3
2012-09-30,Central Asia,133.48,133.48,27240.07,19106.61,8133.46,118,2,3
2012-09-30,South Asia,641.40,641.40,27240.07,19106.61,8133.46,118,2,3
2012-09-30,Middle East & North Africa,1171.22,1171.22,27240.07,19106.61,8133.46,118,2,3
2012-09-30,South East Asia,607.16,607.16,27240.07,19106.61,8133.46,118,2,3
2012-09-30,Latin America & Caribbean,730.79,730.79,27240.07,19106.61,8133.46,118,2,3
2012-09-30,Sub-Saharan Africa,163.18,163.18,27240.07,19106.61,8133.46,118,2,3
2012-09-30,Australasia / Oceania,79.87,79.87,27240.07,19106.61,8133.46,118,2,3
2012-12-31,North America,8136.85,3.39,27331.63,19198.17,8133.46,118,2,3
2012-12-31,Western Europe,11804.37,11804.37,27331.63,19198.17,8133.46,118,2,3
2012-12-31,East Asia,2333.12,2333.12,27331.63,19198.17,8133.46,118,2,3
2012-12-31,Central and Eastern Europe,1473.82,1473.82,27331.63,19198.17,8133.46,118,2,3
2012-12-31,Central Asia,146.44,146.44,27331.63,19198.17,8133.46,118,2,3
2012-12-31,South Asia,651.39,651.39,27331.63,19198.17,8133.46,118,2,3
2012-12-31,Middle East & North Africa,1171.84,1171.84,27331.63,19198.17,8133.46,118,2,3
2012-12-31,South East Asia,606.23,606.23,27331.63,19198.17,8133.46,118,2,3
2012-12-31,Latin America & Caribbean,764.05,764.05,27331.63,19198.17,8133.46,118,2,3
2012-12-31,Sub-Saharan Africa,163.65,163.65,27331.63,19198.17,8133.46,118,2,3
2012-12-31,Australasia / Oceania,79.87,79.87,27331.63,19198.17,8133.46,118,2,3
2013-03-31,North America,8136.66,3.20,27578.91,19445.45,8133.46,119,2,2
2013-03-31,Western Europe,11804.46,11804.46,27578.91,19445.45,8133.46,119,2,2
2013-03-31,East Asia,2355.27,2355.27,27578.91,19445.45,8133.46,119,2,2
2013-03-31,Central and Eastern Europe,1503.06,1503.06,27578.91,19445.45,8133.46,119,2,2
2013-03-31,Central Asia,335.09,335.09,27578.91,19445.45,8133.46,119,2,2
2013-03-31,South Asia,655.04,655.04,27578.91,19445.45,8133.46,119,2,2
2013-03-31,Middle East & North Africa,1172.15,1172.15,27578.91,19445.45,8133.46,119,2,2
2013-03-31,South East Asia,608.05,608.05,27578.91,19445.45,8133.46,119,2,2
2013-03-31,Latin America & Caribbean,765.58,765.58,27578.91,19445.45,8133.46,119,2,2
2013-03-31,Sub-Saharan Africa,163.68,163.68,27578.91,19445.45,8133.46,119,2,2
2013-03-31,Australasia / Oceania,79.87,79.87,27578.91,19445.45,8133.46,119,2,2
2013-06-30,North America,8136.63,3.17,27644.14,19510.68,8133.46,119,2,2
2013-06-30,Western Europe,11803.70,11803.70,27644.14,19510.68,8133.46,119,2,2
2013-06-30,East Asia,2353.60,2353.60,27644.14,19510.68,8133.46,119,2,2
2013-06-30,Central and Eastern Europe,1525.71,1525.71,27644.14,19510.68,8133.46,119,2,2
2013-06-30,Central Asia,372.56,372.56,27644.14,19510.68,8133.46,119,2,2
2013-06-30,South Asia,659.45,659.45,27644.14,19510.68,8133.46,119,2,2
2013-06-30,Middle East & North Africa,1172.62,1172.62,27644.14,19510.68,8133.46,119,2,2
2013-06-30,South East Asia,610.24,610.24,27644.14,19510.68,8133.46,119,2,2
2013-06-30,Latin America & Caribbean,765.62,765.62,27644.14,19510.68,8133.46,119,2,2
2013-06-30,Sub-Saharan Africa,164.14,164.14,27644.14,19510.68,8133.46,119,2,2
2013-06-30,Australasia / Oceania,79.87,79.87,27644.14,19510.68,8133.46,119,2,2
2013-09-30,North America,8136.51,3.05,27676.75,19543.29,8133.46,119,2,2
2013-09-30,Western Europe,11803.77,11803.77,27676.75,19543.29,8133.46,119,2,2
2013-09-30,East Asia,2352.14,2352.14,27676.75,19543.29,8133.46,119,2,2
2013-09-30,Central and Eastern Europe,1553.27,1553.27,27676.75,19543.29,8133.46,119,2,2
2013-09-30,Central Asia,376.11,376.11,27676.75,19543.29,8133.46,119,2,2
2013-09-30,South Asia,662.19,662.19,27676.75,19543.29,8133.46,119,2,2
2013-09-30,Middle East & North Africa,1172.61,1172.61,27676.75,19543.29,8133.46,119,2,2
2013-09-30,South East Asia,610.59,610.59,27676.75,19543.29,8133.46,119,2,2
2013-09-30,Latin America & Caribbean,765.41,765.41,27676.75,19543.29,8133.46,119,2,2
2013-09-30,Sub-Saharan Africa,164.28,164.28,27676.75,19543.29,8133.46,119,2,2
2013-09-30,Australasia / Oceania,79.87,79.87,27676.75,19543.29,8133.46,119,2,2
2013-12-31,North America,8136.45,2.99,27732.83,19599.37,8133.46,119,2,2
2013-12-31,Western Europe,11800.41,11800.41,27732.83,19599.37,8133.46,119,2,2
2013-12-31,East Asia,2353.39,2353.39,27732.83,19599.37,8133.46,119,2,2
2013-12-31,Central and Eastern Europe,1581.08,1581.08,27732.83,19599.37,8133.46,119,2,2
2013-12-31,Central Asia,391.77,391.77,27732.83,19599.37,8133.46,119,2,2
2013-12-31,South Asia,662.27,662.27,27732.83,19599.37,8133.46,119,2,2
2013-12-31,Middle East & North Africa,1186.01,1186.01,27732.83,19599.37,8133.46,119,2,2
2013-12-31,South East Asia,611.04,611.04,27732.83,19599.37,8133.46,119,2,2
2013-12-31,Latin America & Caribbean,765.17,765.17,27732.83,19599.37,8133.46,119,2,2
2013-12-31,Sub-Saharan Africa,165.37,165.37,27732.83,19599.37,8133.46,119,2,2
2013-12-31,Australasia / Oceania,79.87,79.87,27732.83,19599.37,8133.46,119,2,2
2014-03-31,North America,8136.45,2.99,27780.48,19647.02,8133.46,119,2,2
2014-03-31,Western Europe,11798.69,11798.69,27780.48,19647.02,8133.46,119,2,2
2014-03-31,East Asia,2351.94,2351.94,27780.48,19647.02,8133.46,119,2,2
2014-03-31,Central and Eastern Europe,1587.02,1587.02,27780.48,19647.02,8133.46,119,2,2
2014-03-31,Central Asia,408.22,408.22,27780.48,19647.02,8133.46,119,2,2
2014-03-31,South Asia,660.85,660.85,27780.48,19647.02,8133.46,119,2,2
2014-03-31,Middle East & North Africa,1219.07,1219.07,27780.48,19647.02,8133.46,119,2,2
2014-03-31,South East Asia,610.55,610.55,27780.48,19647.02,8133.46,119,2,2
2014-03-31,Latin America & Caribbean,763.18,763.18,27780.48,19647.02,8133.46,119,2,2
2014-03-31,Sub-Saharan Africa,164.64,164.64,27780.48,19647.02,8133.46,119,2,2
2014-03-31,Australasia / Oceania,79.87,79.87,27780.48,19647.02,8133.46,119,2,2
2014-06-30,North America,8136.45,2.99,27862.94,19729.48,8133.46,119,2,2
2014-06-30,Western Europe,11796.39,11796.39,27862.94,19729.48,8133.46,119,2,2
2014-06-30,East Asia,2351.97,2351.97,27862.94,19729.48,8133.46,119,2,2
2014-06-30,Central and Eastern Europe,1636.12,1636.12,27862.94,19729.48,8133.46,119,2,2
2014-06-30,Central Asia,440.44,440.44,27862.94,19729.48,8133.46,119,2,2
2014-06-30,South Asia,661.89,661.89,27862.94,19729.48,8133.46,119,2,2
2014-06-30,Middle East & North Africa,1234.88,1234.88,27862.94,19729.48,8133.46,119,2,2
2014-06-30,South East Asia,611.00,611.00,27862.94,19729.48,8133.46,119,2,2
2014-06-30,Latin America & Caribbean,749.59,749.59,27862.94,19729.48,8133.46,119,2,2
2014-06-30,Sub-Saharan Africa,164.33,164.33,27862.94,19729.48,8133.46,119,2,2
2014-06-30,Australasia / Oceania,79.88,79.88,27862.94,19729.48,8133.46,119,2,2
2014-09-30,North America,8136.45,2.99,27970.72,19837.26,8133.46,118,3,2
2014-09-30,Western Europe,11796.46,11796.46,27970.72,19837.26,8133.46,118,3,2
2014-09-30,East Asia,2353.74,2353.74,27970.72,19837.26,8133.46,118,3,2
2014-09-30,Central and Eastern Europe,1696.13,1696.13,27970.72,19837.26,8133.46,118,3,2
2014-09-30,Central Asia,482.21,482.21,27970.72,19837.26,8133.46,118,3,2
2014-09-30,South Asia,663.67,663.67,27970.72,19837.26,8133.46,118,3,2
2014-09-30,Middle East & North Africa,1237.99,1237.99,27970.72,19837.26,8133.46,118,3,2
2014-09-30,South East Asia,611.45,611.45,27970.72,19837.26,8133.46,118,3,2
2014-09-30,Latin America & Caribbean,744.37,744.37,27970.72,19837.26,8133.46,118,3,2
2014-09-30,Sub-Saharan Africa,168.37,168.37,27970.72,19837.26,8133.46,118,3,2
2014-09-30,Australasia / Oceania,79.88,79.88,27970.72,19837.26,8133.46,118,3,2
2014-12-31,North America,8136.45,2.99,28037.42,19903.96,8133.46,118,3,2
2014-12-31,Western Europe,11796.37,11796.37,28037.42,19903.96,8133.46,118,3,2
2014-12-31,East Asia,2352.33,2352.33,28037.42,19903.96,8133.46,118,3,2
2014-12-31,Central and Eastern Europe,1744.69,1744.69,28037.42,19903.96,8133.46,118,3,2
2014-12-31,Central Asia,500.89,500.89,28037.42,19903.96,8133.46,118,3,2
2014-12-31,South Asia,663.96,663.96,28037.42,19903.96,8133.46,118,3,2
2014-12-31,Middle East & North Africa,1237.36,1237.36,28037.42,19903.96,8133.46,118,3,2
2014-12-31,South East Asia,612.21,612.21,28037.42,19903.96,8133.46,118,3,2
2014-12-31,Latin America & Caribbean,743.81,743.81,28037.42,19903.96,8133.46,118,3,2
2014-12-31,Sub-Saharan Africa,169.47,169.47,28037.42,19903.96,8133.46,118,3,2
2014-12-31,Australasia / Oceania,79.88,79.88,28037.42,19903.96,8133.46,118,3,2
2015-03-31,North America,8136.45,2.99,28046.16,19912.70,8133.46,119,2,2
2015-03-31,Western Europe,11795.71,11795.71,28046.16,19912.70,8133.46,119,2,2
2015-03-31,East Asia,2351.30,2351.30,28046.16,19912.70,8133.46,119,2,2
2015-03-31,Central and Eastern Europe,1777.17,1777.17,28046.16,19912.70,8133.46,119,2,2
2015-03-31,Central Asia,508.43,508.43,28046.16,19912.70,8133.46,119,2,2
2015-03-31,South Asia,663.15,663.15,28046.16,19912.70,8133.46,119,2,2
2015-03-31,Middle East & North Africa,1251.37,1251.37,28046.16,19912.70,8133.46,119,2,2
2015-03-31,South East Asia,604.92,604.92,28046.16,19912.70,8133.46,119,2,2
2015-03-31,Latin America & Caribbean,707.20,707.20,28046.16,19912.70,8133.46,119,2,2
2015-03-31,Sub-Saharan Africa,170.58,170.58,28046.16,19912.70,8133.46,119,2,2
2015-03-31,Australasia / Oceania,79.88,79.88,28046.16,19912.70,8133.46,119,2,2
2015-06-30,North America,8136.45,2.99,28691.69,20558.23,8133.46,119,2,2
2015-06-30,Western Europe,11793.37,11793.37,28691.69,20558.23,8133.46,119,2,2
2015-06-30,East Asia,2955.99,2955.99,28691.69,20558.23,8133.46,119,2,2
2015-06-30,Central and Eastern Europe,1813.90,1813.90,28691.69,20558.23,8133.46,119,2,2
2015-06-30,Central Asia,539.19,539.19,28691.69,20558.23,8133.46,119,2,2
2015-06-30,South Asia,663.39,663.39,28691.69,20558.23,8133.46,119,2,2
2015-06-30,Middle East & North Africa,1254.81,1254.81,28691.69,20558.23,8133.46,119,2,2
2015-06-30,South East Asia,605.38,605.38,28691.69,20558.23,8133.46,119,2,2
2015-06-30,Latin America & Caribbean,678.73,678.73,28691.69,20558.23,8133.46,119,2,2
2015-06-30,Sub-Saharan Africa,170.60,170.60,28691.69,20558.23,8133.46,119,2,2
2015-06-30,Australasia / Oceania,79.88,79.88,28691.69,20558.23,8133.46,119,2,2
2015-09-30,North America,8136.45,2.99,28845.74,20712.28,8133.46,119,2,2
2015-09-30,Western Europe,11793.49,11793.49,28845.74,20712.28,8133.46,119,2,2
2015-09-30,East Asia,3005.61,3005.61,28845.74,20712.28,8133.46,119,2,2
2015-09-30,Central and Eastern Europe,1893.79,1893.79,28845.74,20712.28,8133.46,119,2,2
2015-09-30,Central Asia,561.17,561.17,28845.74,20712.28,8133.46,119,2,2
2015-09-30,South Asia,663.91,663.91,28845.74,20712.28,8133.46,119,2,2
2015-09-30,Middle East & North Africa,1264.22,1264.22,28845.74,20712.28,8133.46,119,2,2
2015-09-30,South East Asia,606.14,606.14,28845.74,20712.28,8133.46,119,2,2
2015-09-30,Latin America & Caribbean,671.11,671.11,28845.74,20712.28,8133.46,119,2,2
2015-09-30,Sub-Saharan Africa,169.97,169.97,28845.74,20712.28,8133.46,119,2,2
2015-09-30,Australasia / Oceania,79.88,79.88,28845.74,20712.28,8133.46,119,2,2
2015-12-31,North America,8135.16,1.70,28956.81,20823.35,8133.46,118,3,2
2015-12-31,Western Europe,11793.59,11793.59,28956.81,20823.35,8133.46,118,3,2
2015-12-31,East Asia,3059.87,3059.87,28956.81,20823.35,8133.46,118,3,2
2015-12-31,Central and Eastern Europe,1954.43,1954.43,28956.81,20823.35,8133.46,118,3,2
2015-12-31,Central Asia,572.17,572.17,28956.81,20823.35,8133.46,118,3,2
2015-12-31,South Asia,664.41,664.41,28956.81,20823.35,8133.46,118,3,2
2015-12-31,Middle East & North Africa,1276.79,1276.79,28956.81,20823.35,8133.46,118,3,2
2015-12-31,South East Asia,608.80,608.80,28956.81,20823.35,8133.46,118,3,2
2015-12-31,Latin America & Caribbean,642.05,642.05,28956.81,20823.35,8133.46,118,3,2
2015-12-31,Sub-Saharan Africa,169.66,169.66,28956.81,20823.35,8133.46,118,3,2
2015-12-31,Australasia / Oceania,79.88,79.88,28956.81,20823.35,8133.46,118,3,2
2016-03-31,North America,8133.46,0.00,29006.48,20873.02,8133.46,118,3,2
2016-03-31,Western Europe,11793.70,11793.70,29006.48,20873.02,8133.46,118,3,2
2016-03-31,East Asia,3092.78,3092.78,29006.48,20873.02,8133.46,118,3,2
2016-03-31,Central and Eastern Europe,2001.41,2001.41,29006.48,20873.02,8133.46,118,3,2
2016-03-31,Central Asia,590.58,590.58,29006.48,20873.02,8133.46,118,3,2
2016-03-31,South Asia,664.62,664.62,29006.48,20873.02,8133.46,118,3,2
2016-03-31,Middle East & North Africa,1272.54,1272.54,29006.48,20873.02,8133.46,118,3,2
2016-03-31,South East Asia,607.92,607.92,29006.48,20873.02,8133.46,118,3,2
2016-03-31,Latin America & Caribbean,598.93,598.93,29006.48,20873.02,8133.46,118,3,2
2016-03-31,Sub-Saharan Africa,170.66,170.66,29006.48,20873.02,8133.46,118,3,2
2016-03-31,Australasia / Oceania,79.88,79.88,29006.48,20873.02,8133.46,118,3,2
2016-06-30,North America,8133.46,0.00,29047.92,20914.46,8133.46,118,3,2
2016-06-30,Western Europe,11791.09,11791.09,29047.92,20914.46,8133.46,118,3,2
2016-06-30,East Asia,3119.42,3119.42,29047.92,20914.46,8133.46,118,3,2
2016-06-30,Central and Eastern Europe,2035.33,2035.33,29047.92,20914.46,8133.46,118,3,2
2016-06-30,Central Asia,611.41,611.41,29047.92,20914.46,8133.46,118,3,2
2016-06-30,South Asia,664.44,664.44,29047.92,20914.46,8133.46,118,3,2
2016-06-30,Middle East & North Africa,1270.39,1270.39,29047.92,20914.46,8133.46,118,3,2
2016-06-30,South East Asia,608.32,608.32,29047.92,20914.46,8133.46,118,3,2
2016-06-30,Latin America & Caribbean,562.28,562.28,29047.92,20914.46,8133.46,118,3,2
2016-06-30,Sub-Saharan Africa,171.90,171.90,29047.92,20914.46,8133.46,118,3,2
2016-06-30,Australasia / Oceania,79.88,79.88,29047.92,20914.46,8133.46,118,3,2
2016-09-30,North America,8133.46,0.00,29121.46,20988.00,8133.46,118,3,2
2016-09-30,Western Europe,11790.87,11790.87,29121.46,20988.00,8133.46,118,3,2
2016-09-30,East Asia,3135.14,3135.14,29121.46,20988.00,8133.46,118,3,2
2016-09-30,Central and Eastern Europe,2081.88,2081.88,29121.46,20988.00,8133.46,118,3,2
2016-09-30,Central Asia,625.79,625.79,29121.46,20988.00,8133.46,118,3,2
2016-09-30,South Asia,664.49,664.49,29121.46,20988.00,8133.46,118,3,2
2016-09-30,Middle East & North Africa,1271.34,1271.34,29121.46,20988.00,8133.46,118,3,2
2016-09-30,South East Asia,609.03,609.03,29121.46,20988.00,8133.46,118,3,2
2016-09-30,Latin America & Caribbean,557.33,557.33,29121.46,20988.00,8133.46,118,3,2
2016-09-30,Sub-Saharan Africa,172.25,172.25,29121.46,20988.00,8133.46,118,3,2
2016-09-30,Australasia / Oceania,79.88,79.88,29121.46,20988.00,8133.46,118,3,2
2016-12-31,North America,8133.46,0.00,29204.27,21070.81,8133.46,118,3,2
2016-12-31,Western Europe,11790.94,11790.94,29204.27,21070.81,8133.46,118,3,2
2016-12-31,East Asia,3139.63,3139.63,29204.27,21070.81,8133.46,118,3,2
2016-12-31,Central and Eastern Europe,2144.72,2144.72,29204.27,21070.81,8133.46,118,3,2
2016-12-31,Central Asia,627.85,627.85,29204.27,21070.81,8133.46,118,3,2
2016-12-31,South Asia,664.75,664.75,29204.27,21070.81,8133.46,118,3,2
2016-12-31,Middle East & North Africa,1284.33,1284.33,29204.27,21070.81,8133.46,118,3,2
2016-12-31,South East Asia,614.25,614.25,29204.27,21070.81,8133.46,118,3,2
2016-12-31,Latin America & Caribbean,551.84,551.84,29204.27,21070.81,8133.46,118,3,2
2016-12-31,Sub-Saharan Africa,172.62,172.62,29204.27,21070.81,8133.46,118,3,2
2016-12-31,Australasia / Oceania,79.88,79.88,29204.27,21070.81,8133.46,118,3,2
2017-03-31,North America,8133.46,0.00,29264.58,21131.12,8133.46,118,3,2
2017-03-31,Western Europe,11791.06,11791.06,29264.58,21131.12,8133.46,118,3,2
2017-03-31,East Asia,3138.76,3138.76,29264.58,21131.12,8133.46,118,3,2
2017-03-31,Central and Eastern Europe,2187.26,2187.26,29264.58,21131.12,8133.46,118,3,2
2017-03-31,Central Asia,647.73,647.73,29264.58,21131.12,8133.46,118,3,2
2017-03-31,South Asia,664.98,664.98,29264.58,21131.12,8133.46,118,3,2
2017-03-31,Middle East & North Africa,1282.45,1282.45,29264.58,21131.12,8133.46,118,3,2
2017-03-31,South East Asia,615.56,615.56,29264.58,21131.12,8133.46,118,3,2
2017-03-31,Latin America & Caribbean,550.82,550.82,29264.58,21131.12,8133.46,118,3,2
2017-03-31,Sub-Saharan Africa,172.62,172.62,29264.58,21131.12,8133.46,118,3,2
2017-03-31,Australasia / Oceania,79.88,79.88,29264.58,21131.12,8133.46,118,3,2
2017-06-30,North America,8133.46,0.00,29344.30,21210.84,8133.46,118,3,2
2017-06-30,Western Europe,11787.29,11787.29,29344.30,21210.84,8133.46,118,3,2
2017-06-30,East Asia,3140.65,3140.65,29344.30,21210.84,8133.46,118,3,2
2017-06-30,Central and Eastern Europe,2246.56,2246.56,29344.30,21210.84,8133.46,118,3,2
2017-06-30,Central Asia,664.90,664.90,29344.30,21210.84,8133.46,118,3,2
2017-06-30,South Asia,664.94,664.94,29344.30,21210.84,8133.46,118,3,2
2017-06-30,Middle East & North Africa,1281.87,1281.87,29344.30,21210.84,8133.46,118,3,2
2017-06-30,South East Asia,616.49,616.49,29344.30,21210.84,8133.46,118,3,2
2017-06-30,Latin America & Caribbean,555.61,555.61,29344.30,21210.84,8133.46,118,3,2
2017-06-30,Sub-Saharan Africa,172.65,172.65,29344.30,21210.84,8133.46,118,3,2
2017-06-30,Australasia / Oceania,79.88,79.88,29344.30,21210.84,8133.46,118,3,2
2017-09-30,North America,8133.46,0.00,29432.99,21299.53,8133.46,118,3,2
2017-09-30,Western Europe,11786.92,11786.92,29432.99,21299.53,8133.46,118,3,2
2017-09-30,East Asia,3141.20,3141.20,29432.99,21299.53,8133.46,118,3,2
2017-09-30,Central and Eastern Europe,2343.22,2343.22,29432.99,21299.53,8133.46,118,3,2
2017-09-30,Central Asia,649.98,649.98,29432.99,21299.53,8133.46,118,3,2
2017-09-30,South Asia,665.08,665.08,29432.99,21299.53,8133.46,118,3,2
2017-09-30,Middle East & North Africa,1282.49,1282.49,29432.99,21299.53,8133.46,118,3,2
2017-09-30,South East Asia,620.66,620.66,29432.99,21299.53,8133.46,118,3,2
2017-09-30,Latin America & Caribbean,557.45,557.45,29432.99,21299.53,8133.46,118,3,2
2017-09-30,Sub-Saharan Africa,172.65,172.65,29432.99,21299.53,8133.46,118,3,2
2017-09-30,Australasia / Oceania,79.88,79.88,29432.99,21299.53,8133.46,118,3,2
2017-12-31,North America,8133.46,0.00,29543.29,21409.83,8133.46,118,3,2
2017-12-31,Western Europe,11786.95,11786.95,29543.29,21409.83,8133.46,118,3,2
2017-12-31,East Asia,3142.15,3142.15,29543.29,21409.83,8133.46,118,3,2
2017-12-31,Central and Eastern Europe,2438.06,2438.06,29543.29,21409.83,8133.46,118,3,2
2017-12-31,Central Asia,680.79,680.79,29543.29,21409.83,8133.46,118,3,2
2017-12-31,South Asia,665.33,665.33,29543.29,21409.83,8133.46,118,3,2
2017-12-31,Middle East & North Africa,1293.67,1293.67,29543.29,21409.83,8133.46,118,3,2
2017-12-31,South East Asia,620.66,620.66,29543.29,21409.83,8133.46,118,3,2
2017-12-31,Latin America & Caribbean,529.65,529.65,29543.29,21409.83,8133.46,118,3,2
2017-12-31,Sub-Saharan Africa,172.69,172.69,29543.29,21409.83,8133.46,118,3,2
2017-12-31,Australasia / Oceania,79.88,79.88,29543.29,21409.83,8133.46,118,3,2
2018-03-31,North America,8133.46,0.00,29600.09,21466.63,8133.46,117,4,2
2018-03-31,Western Europe,11785.59,11785.59,29600.09,21466.63,8133.46,117,4,2
2018-03-31,East Asia,3141.20,3141.20,29600.09,21466.63,8133.46,117,4,2
2018-03-31,Central and Eastern Europe,2518.78,2518.78,29600.09,21466.63,8133.46,117,4,2
2018-03-31,Central Asia,683.93,683.93,29600.09,21466.63,8133.46,117,4,2
2018-03-31,South Asia,666.24,666.24,29600.09,21466.63,8133.46,117,4,2
2018-03-31,Middle East & North Africa,1277.37,1277.37,29600.09,21466.63,8133.46,117,4,2
2018-03-31,South East Asia,620.70,620.70,29600.09,21466.63,8133.46,117,4,2
2018-03-31,Latin America & Caribbean,520.24,520.24,29600.09,21466.63,8133.46,117,4,2
2018-03-31,Sub-Saharan Africa,172.70,172.70,29600.09,21466.63,8133.46,117,4,2
2018-03-31,Australasia / Oceania,79.88,79.88,29600.09,21466.63,8133.46,117,4,2
2018-06-30,North America,8133.46,0.00,29726.33,21592.87,8133.46,117,4,2
2018-06-30,Western Europe,11783.29,11783.29,29726.33,21592.87,8133.46,117,4,2
2018-06-30,East Asia,3144.63,3144.63,29726.33,21592.87,8133.46,117,4,2
2018-06-30,Central and Eastern Europe,2580.71,2580.71,29726.33,21592.87,8133.46,117,4,2
2018-06-30,Central Asia,716.53,716.53,29726.33,21592.87,8133.46,117,4,2
2018-06-30,South Asia,671.18,671.18,29726.33,21592.87,8133.46,117,4,2
2018-06-30,Middle East & North Africa,1286.94,1286.94,29726.33,21592.87,8133.46,117,4,2
2018-06-30,South East Asia,618.65,618.65,29726.33,21592.87,8133.46,117,4,2
2018-06-30,Latin America & Caribbean,538.36,538.36,29726.33,21592.87,8133.46,117,4,2
2018-06-30,Sub-Saharan Africa,172.70,172.70,29726.33,21592.87,8133.46,117,4,2
2018-06-30,Australasia / Oceania,79.88,79.88,29726.33,21592.87,8133.46,117,4,2
2018-09-30,North America,8133.46,0.00,29920.92,21787.46,8133.46,116,5,2
2018-09-30,Western Europe,11783.16,11783.16,29920.92,21787.46,8133.46,116,5,2
2018-09-30,East Asia,3150.84,3150.84,29920.92,21787.46,8133.46,116,5,2
2018-09-30,Central and Eastern Europe,2692.52,2692.52,29920.92,21787.46,8133.46,116,5,2
2018-09-30,Central Asia,753.06,753.06,29920.92,21787.46,8133.46,116,5,2
2018-09-30,South Asia,691.42,691.42,29920.92,21787.46,8133.46,116,5,2
2018-09-30,Middle East & North Africa,1302.01,1302.01,29920.92,21787.46,8133.46,116,5,2
2018-09-30,South East Asia,625.19,625.19,29920.92,21787.46,8133.46,116,5,2
2018-09-30,Latin America & Caribbean,536.68,536.68,29920.92,21787.46,8133.46,116,5,2
2018-09-30,Sub-Saharan Africa,172.70,172.70,29920.92,21787.46,8133.46,116,5,2
2018-09-30,Australasia / Oceania,79.88,79.88,29920.92,21787.46,8133.46,116,5,2
2018-12-31,North America,8133.46,0.00,30073.62,21940.16,8133.46,116,5,2
2018-12-31,Western Europe,11783.22,11783.22,30073.62,21940.16,8133.46,116,5,2
2018-12-31,East Asia,3166.52,3166.52,30073.62,21940.16,8133.46,116,5,2
2018-12-31,Central and Eastern Europe,2817.46,2817.46,30073.62,21940.16,8133.46,116,5,2
2018-12-31,Central Asia,760.97,760.97,30073.62,21940.16,8133.46,116,5,2
2018-12-31,South Asia,705.37,705.37,30073.62,21940.16,8133.46,116,5,2
2018-12-31,Middle East & North Africa,1298.53,1298.53,30073.62,21940.16,8133.46,116,5,2
2018-12-31,South East Asia,629.43,629.43,30073.62,21940.16,8133.46,116,5,2
2018-12-31,Latin America & Caribbean,526.08,526.08,30073.62,21940.16,8133.46,116,5,2
2018-12-31,Sub-Saharan Africa,172.70,172.70,30073.62,21940.16,8133.46,116,5,2
2018-12-31,Australasia / Oceania,79.88,79.88,30073.62,21940.16,8133.46,116,5,2
2019-03-31,North America,8133.46,0.00,30230.25,22096.79,8133.46,115,6,2
2019-03-31,Western Europe,11783.44,11783.44,30230.25,22096.79,8133.46,115,6,2
2019-03-31,East Asia,3196.70,3196.70,30230.25,22096.79,8133.46,115,6,2
2019-03-31,Central and Eastern Europe,2904.87,2904.87,30230.25,22096.79,8133.46,115,6,2
2019-03-31,Central Asia,763.32,763.32,30230.25,22096.79,8133.46,115,6,2
2019-03-31,South Asia,717.44,717.44,30230.25,22096.79,8133.46,115,6,2
2019-03-31,Middle East & North Africa,1306.29,1306.29,30230.25,22096.79,8133.46,115,6,2
2019-03-31,South East Asia,629.43,629.43,30230.25,22096.79,8133.46,115,6,2
2019-03-31,Latin America & Caribbean,542.72,542.72,30230.25,22096.79,8133.46,115,6,2
2019-03-31,Sub-Saharan Africa,172.70,172.70,30230.25,22096.79,8133.46,115,6,2
2019-03-31,Australasia / Oceania,79.88,79.88,30230.25,22096.79,8133.46,115,6,2
2019-06-30,North America,8133.46,0.00,30444.33,22310.87,8133.46,114,7,2
2019-06-30,Western Europe,11780.65,11780.65,30444.33,22310.87,8133.46,114,7,2
2019-06-30,East Asia,3240.90,3240.90,30444.33,22310.87,8133.46,114,7,2
2019-06-30,Central and Eastern Europe,3061.87,3061.87,30444.33,22310.87,8133.46,114,7,2
2019-06-30,Central Asia,782.97,782.97,30444.33,22310.87,8133.46,114,7,2
2019-06-30,South Asia,723.03,723.03,30444.33,22310.87,8133.46,114,7,2
2019-06-30,Middle East & North Africa,1296.52,1296.52,30444.33,22310.87,8133.46,114,7,2
2019-06-30,South East Asia,629.44,629.44,30444.33,22310.87,8133.46,114,7,2
2019-06-30,Latin America & Caribbean,542.91,542.91,30444.33,22310.87,8133.46,114,7,2
2019-06-30,Sub-Saharan Africa,172.70,172.70,30444.33,22310.87,8133.46,114,7,2
2019-06-30,Australasia / Oceania,79.88,79.88,30444.33,22310.87,8133.46,114,7,2
2019-09-30,North America,8133.46,0.00,30550.83,22417.37,8133.46,113,8,2
2019-09-30,Western Europe,11781.05,11781.05,30550.83,22417.37,8133.46,113,8,2
2019-09-30,East Asia,3263.41,3263.41,30550.83,22417.37,8133.46,113,8,2
2019-09-30,Central and Eastern Europe,3140.84,3140.84,30550.83,22417.37,8133.46,113,8,2
2019-09-30,Central Asia,766.17,766.17,30550.83,22417.37,8133.46,113,8,2
2019-09-30,South Asia,722.76,722.76,30550.83,22417.37,8133.46,113,8,2
2019-09-30,Middle East & North Africa,1312.02,1312.02,30550.83,22417.37,8133.46,113,8,2
2019-09-30,South East Asia,629.32,629.32,30550.83,22417.37,8133.46,113,8,2
2019-09-30,Latin America & Caribbean,549.67,549.67,30550.83,22417.37,8133.46,113,8,2
2019-09-30,Sub-Saharan Africa,172.25,172.25,30550.83,22417.37,8133.46,113,8,2
2019-09-30,Australasia / Oceania,79.88,79.88,30550.83,22417.37,8133.46,113,8,2
2019-12-31,North America,8133.46,0.00,30665.64,22532.18,8133.46,114,7,2
2019-12-31,Western Europe,11780.87,11780.87,30665.64,22532.18,8133.46,114,7,2
2019-12-31,East Asia,3265.40,3265.40,30665.64,22532.18,8133.46,114,7,2
2019-12-31,Central and Eastern Europe,3214.56,3214.56,30665.64,22532.18,8133.46,114,7,2
2019-12-31,Central Asia,776.99,776.99,30665.64,22532.18,8133.46,114,7,2
2019-12-31,South Asia,739.56,739.56,30665.64,22532.18,8133.46,114,7,2
2019-12-31,Middle East & North Africa,1325.09,1325.09,30665.64,22532.18,8133.46,114,7,2
2019-12-31,South East Asia,634.45,634.45,30665.64,22532.18,8133.46,114,7,2
2019-12-31,Latin America & Caribbean,543.12,543.12,30665.64,22532.18,8133.46,114,7,2
2019-12-31,Sub-Saharan Africa,172.26,172.26,30665.64,22532.18,8133.46,114,7,2
2019-12-31,Australasia / Oceania,79.88,79.88,30665.64,22532.18,8133.46,114,7,2
2020-03-31,North America,8133.46,0.00,30764.58,22631.12,8133.46,112,9,2
2020-03-31,Western Europe,11778.79,11778.79,30764.58,22631.12,8133.46,112,9,2
2020-03-31,East Asia,3265.83,3265.83,30764.58,22631.12,8133.46,112,9,2
2020-03-31,Central and Eastern Europe,3303.12,3303.12,30764.58,22631.12,8133.46,112,9,2
2020-03-31,Central Asia,770.21,770.21,30764.58,22631.12,8133.46,112,9,2
2020-03-31,South Asia,744.73,744.73,30764.58,22631.12,8133.46,112,9,2
2020-03-31,Middle East & North Africa,1344.52,1344.52,30764.58,22631.12,8133.46,112,9,2
2020-03-31,South East Asia,634.47,634.47,30764.58,22631.12,8133.46,112,9,2
2020-03-31,Latin America & Caribbean,537.31,537.31,30764.58,22631.12,8133.46,112,9,2
2020-03-31,Sub-Saharan Africa,172.26,172.26,30764.58,22631.12,8133.46,112,9,2
2020-03-31,Australasia / Oceania,79.88,79.88,30764.58,22631.12,8133.46,112,9,2
2020-06-30,North America,8133.46,0.00,30808.64,22675.18,8133.46,112,9,2
2020-06-30,Western Europe,11777.57,11777.57,30808.64,22675.18,8133.46,112,9,2
2020-06-30,East Asia,3260.48,3260.48,30808.64,22675.18,8133.46,112,9,2
2020-06-30,Central and Eastern Europe,3337.00,3337.00,30808.64,22675.18,8133.46,112,9,2
2020-06-30,Central Asia,771.55,771.55,30808.64,22675.18,8133.46,112,9,2
2020-06-30,South Asia,753.14,753.14,30808.64,22675.18,8133.46,112,9,2
2020-06-30,Middle East & North Africa,1346.01,1346.01,30808.64,22675.18,8133.46,112,9,2
2020-06-30,South East Asia,635.46,635.46,30808.64,22675.18,8133.46,112,9,2
2020-06-30,Latin America & Caribbean,541.83,541.83,30808.64,22675.18,8133.46,112,9,2
2020-06-30,Sub-Saharan Africa,172.26,172.26,30808.64,22675.18,8133.46,112,9,2
2020-06-30,Australasia / Oceania,79.88,79.88,30808.64,22675.18,8133.46,112,9,2
2020-09-30,North America,8133.46,0.00,30775.97,22642.51,8133.46,112,9,2
2020-09-30,Western Europe,11776.99,11776.99,30775.97,22642.51,8133.46,112,9,2
2020-09-30,East Asia,3259.06,3259.06,30775.97,22642.51,8133.46,112,9,2
2020-09-30,Central and Eastern Europe,3301.76,3301.76,30775.97,22642.51,8133.46,112,9,2
2020-09-30,Central Asia,740.08,740.08,30775.97,22642.51,8133.46,112,9,2
2020-09-30,South Asia,759.99,759.99,30775.97,22642.51,8133.46,112,9,2
2020-09-30,Middle East & North Africa,1370.61,1370.61,30775.97,22642.51,8133.46,112,9,2
2020-09-30,South East Asia,632.64,632.64,30775.97,22642.51,8133.46,112,9,2
2020-09-30,Latin America & Caribbean,549.23,549.23,30775.97,22642.51,8133.46,112,9,2
2020-09-30,Sub-Saharan Africa,172.27,172.27,30775.97,22642.51,8133.46,112,9,2
2020-09-30,Australasia / Oceania,79.88,79.88,30775.97,22642.51,8133.46,112,9,2
2020-12-31,North America,8133.46,0.00,30800.65,22667.19,8133.46,112,9,2
2020-12-31,Western Europe,11777.14,11777.14,30800.65,22667.19,8133.46,112,9,2
2020-12-31,East Asia,3251.85,3251.85,30800.65,22667.19,8133.46,112,9,2
2020-12-31,Central and Eastern Europe,3266.65,3266.65,30800.65,22667.19,8133.46,112,9,2
2020-12-31,Central Asia,772.87,772.87,30800.65,22667.19,8133.46,112,9,2
2020-12-31,South Asia,768.38,768.38,30800.65,22667.19,8133.46,112,9,2
2020-12-31,Middle East & North Africa,1393.49,1393.49,30800.65,22667.19,8133.46,112,9,2
2020-12-31,South East Asia,635.27,635.27,30800.65,22667.19,8133.46,112,9,2
2020-12-31,Latin America & Caribbean,549.35,549.35,30800.65,22667.19,8133.46,112,9,2
2020-12-31,Sub-Saharan Africa,172.31,172.31,30800.65,22667.19,8133.46,112,9,2
2020-12-31,Australasia / Oceania,79.88,79.88,30800.65,22667.19,8133.46,112,9,2
2021-03-31,North America,8133.46,0.00,30967.83,22834.37,8133.46,112,9,2
2021-03-31,Western Europe,11777.02,11777.02,30967.83,22834.37,8133.46,112,9,2
2021-03-31,East Asia,3335.01,3335.01,30967.83,22834.37,8133.46,112,9,2
2021-03-31,Central and Eastern Europe,3332.71,3332.71,30967.83,22834.37,8133.46,112,9,2
2021-03-31,Central Asia,792.30,792.30,30967.83,22834.37,8133.46,112,9,2
2021-03-31,South Asia,787.05,787.05,30967.83,22834.37,8133.46,112,9,2
2021-03-31,Middle East & North Africa,1392.87,1392.87,30967.83,22834.37,8133.46,112,9,2
2021-03-31,South East Asia,615.52,615.52,30967.83,22834.37,8133.46,112,9,2
2021-03-31,Latin America & Caribbean,549.70,549.70,30967.83,22834.37,8133.46,112,9,2
2021-03-31,Sub-Saharan Africa,172.31,172.31,30967.83,22834.37,8133.46,112,9,2
2021-03-31,Australasia / Oceania,79.88,79.88,30967.83,22834.37,8133.46,112,9,2
2021-06-30,North America,8133.46,0.00,31134.81,23001.35,8133.46,111,10,2
2021-06-30,Western Europe,11773.94,11773.94,31134.81,23001.35,8133.46,111,10,2
2021-06-30,East Asia,3337.60,3337.60,31134.81,23001.35,8133.46,111,10,2
2021-06-30,Central and Eastern Europe,3340.08,3340.08,31134.81,23001.35,8133.46,111,10,2
2021-06-30,Central Asia,778.66,778.66,31134.81,23001.35,8133.46,111,10,2
2021-06-30,South Asia,795.46,795.46,31134.81,23001.35,8133.46,111,10,2
2021-06-30,Middle East & North Africa,1395.62,1395.62,31134.81,23001.35,8133.46,111,10,2
2021-06-30,South East Asia,724.16,724.16,31134.81,23001.35,8133.46,111,10,2
2021-06-30,Latin America & Caribbean,603.63,603.63,31134.81,23001.35,8133.46,111,10,2
2021-06-30,Sub-Saharan Africa,172.32,172.32,31134.81,23001.35,8133.46,111,10,2
2021-06-30,Australasia / Oceania,79.88,79.88,31134.81,23001.35,8133.46,111,10,2
2021-09-30,North America,8133.47,0.00,31220.88,23087.41,8133.47,111,10,2
2021-09-30,Western Europe,11774.93,11774.93,31220.88,23087.41,8133.47,111,10,2
2021-09-30,East Asia,3337.47,3337.47,31220.88,23087.41,8133.47,111,10,2
2021-09-30,Central and Eastern Europe,3336.57,3336.57,31220.88,23087.41,8133.47,111,10,2
2021-09-30,Central Asia,818.35,818.35,31220.88,23087.41,8133.47,111,10,2
2021-09-30,South Asia,835.58,835.58,31220.88,23087.41,8133.47,111,10,2
2021-09-30,Middle East & North Africa,1395.25,1395.25,31220.88,23087.41,8133.47,111,10,2
2021-09-30,South East Asia,725.02,725.02,31220.88,23087.41,8133.47,111,10,2
2021-09-30,Latin America & Caribbean,612.04,612.04,31220.88,23087.41,8133.47,111,10,2
2021-09-30,Sub-Saharan Africa,172.32,172.32,31220.88,23087.41,8133.47,111,10,2
2021-09-30,Australasia / Oceania,79.88,79.88,31220.88,23087.41,8133.47,111,10,2
2021-12-31,North America,8133.47,0.00,31208.12,23074.65,8133.47,111,10,2
2021-12-31,Western Europe,11777.49,11777.49,31208.12,23074.65,8133.47,111,10,2
2021-12-31,East Asia,3334.11,3334.11,31208.12,23074.65,8133.47,111,10,2
2021-12-31,Central and Eastern Europe,3341.57,3341.57,31208.12,23074.65,8133.47,111,10,2
2021-12-31,Central Asia,798.46,798.46,31208.12,23074.65,8133.47,111,10,2
2021-12-31,South Asia,843.69,843.69,31208.12,23074.65,8133.47,111,10,2
2021-12-31,Middle East & North Africa,1395.15,1395.15,31208.12,23074.65,8133.47,111,10,2
2021-12-31,South East Asia,726.82,726.82,31208.12,23074.65,8133.47,111,10,2
2021-12-31,Latin America & Caribbean,605.16,605.16,31208.12,23074.65,8133.47,111,10,2
2021-12-31,Sub-Saharan Africa,172.32,172.32,31208.12,23074.65,8133.47,111,10,2
2021-12-31,Australasia / Oceania,79.88,79.88,31208.12,23074.65,8133.47,111,10,2
2022-03-31,North America,8133.47,0.00,31232.71,23099.24,8133.47,111,10,2
2022-03-31,Western Europe,11779.48,11779.48,31232.71,23099.24,8133.47,111,10,2
2022-03-31,East Asia,3332.08,3332.08,31232.71,23099.24,8133.47,111,10,2
2022-03-31,Central and Eastern Europe,3379.97,3379.97,31232.71,23099.24,8133.47,111,10,2
2022-03-31,Central Asia,739.63,739.63,31232.71,23099.24,8133.47,111,10,2
2022-03-31,South Asia,847.50,847.50,31232.71,23099.24,8133.47,111,10,2
2022-03-31,Middle East & North Africa,1434.56,1434.56,31232.71,23099.24,8133.47,111,10,2
2022-03-31,South East Asia,719.29,719.29,31232.71,23099.24,8133.47,111,10,2
2022-03-31,Latin America & Caribbean,614.53,614.53,31232.71,23099.24,8133.47,111,10,2
2022-03-31,Sub-Saharan Africa,172.32,172.32,31232.71,23099.24,8133.47,111,10,2
2022-03-31,Australasia / Oceania,79.88,79.88,31232.71,23099.24,8133.47,111,10,2
2022-06-30,North America,8133.47,0.00,31374.55,23241.08,8133.47,111,10,2
2022-06-30,Western Europe,11776.31,11776.31,31374.55,23241.08,8133.47,111,10,2
2022-06-30,East Asia,3331.28,3331.28,31374.55,23241.08,8133.47,111,10,2
2022-06-30,Central and Eastern Europe,3426.55,3426.55,31374.55,23241.08,8133.47,111,10,2
2022-06-30,Central Asia,785.62,785.62,31374.55,23241.08,8133.47,111,10,2
2022-06-30,South Asia,855.03,855.03,31374.55,23241.08,8133.47,111,10,2
2022-06-30,Middle East & North Africa,1477.71,1477.71,31374.55,23241.08,8133.47,111,10,2
2022-06-30,South East Asia,721.86,721.86,31374.55,23241.08,8133.47,111,10,2
2022-06-30,Latin America & Caribbean,614.52,614.52,31374.55,23241.08,8133.47,111,10,2
2022-06-30,Sub-Saharan Africa,172.32,172.32,31374.55,23241.08,8133.47,111,10,2
2022-06-30,Australasia / Oceania,79.88,79.88,31374.55,23241.08,8133.47,111,10,2
2022-09-30,North America,8133.46,0.00,31503.26,23369.80,8133.46,111,10,2
2022-09-30,Western Europe,11776.34,11776.34,31503.26,23369.80,8133.46,111,10,2
2022-09-30,East Asia,3332.62,3332.62,31503.26,23369.80,8133.46,111,10,2
2022-09-30,Central and Eastern Europe,3464.52,3464.52,31503.26,23369.80,8133.46,111,10,2
2022-09-30,Central Asia,809.29,809.29,31503.26,23369.80,8133.46,111,10,2
2022-09-30,South Asia,872.49,872.49,31503.26,23369.80,8133.46,111,10,2
2022-09-30,Middle East & North Africa,1521.91,1521.91,31503.26,23369.80,8133.46,111,10,2
2022-09-30,South East Asia,725.74,725.74,31503.26,23369.80,8133.46,111,10,2
2022-09-30,Latin America & Caribbean,614.67,614.67,31503.26,23369.80,8133.46,111,10,2
2022-09-30,Sub-Saharan Africa,172.34,172.34,31503.26,23369.80,8133.46,111,10,2
2022-09-30,Australasia / Oceania,79.88,79.88,31503.26,23369.80,8133.46,111,10,2
2022-12-31,North America,8133.46,0.00,31622.98,23489.52,8133.46,110,11,2
2022-12-31,Western Europe,11776.49,11776.49,31622.98,23489.52,8133.46,110,11,2
2022-12-31,East Asia,3393.16,3393.16,31622.98,23489.52,8133.46,110,11,2
2022-12-31,Central and Eastern Europe,3521.81,3521.81,31622.98,23489.52,8133.46,110,11,2
2022-12-31,Central Asia,794.33,794.33,31622.98,23489.52,8133.46,110,11,2
2022-12-31,South Asia,874.50,874.50,31622.98,23489.52,8133.46,110,11,2
2022-12-31,Middle East & North Africa,1534.51,1534.51,31622.98,23489.52,8133.46,110,11,2
2022-12-31,South East Asia,727.84,727.84,31622.98,23489.52,8133.46,110,11,2
2022-12-31,Latin America & Caribbean,614.66,614.66,31622.98,23489.52,8133.46,110,11,2
2022-12-31,Sub-Saharan Africa,172.34,172.34,31622.98,23489.52,8133.46,110,11,2
2022-12-31,Australasia / Oceania,79.88,79.88,31622.98,23489.52,8133.46,110,11,2
2023-03-31,North America,8133.46,0.00,31735.08,23601.62,8133.46,109,12,2
2023-03-31,Western Europe,11776.36,11776.36,31735.08,23601.62,8133.46,109,12,2
2023-03-31,East Asia,3449.67,3449.67,31735.08,23601.62,8133.46,109,12,2
2023-03-31,Central and Eastern Europe,3545.55,3545.55,31735.08,23601.62,8133.46,109,12,2
2023-03-31,Central Asia,759.43,759.43,31735.08,23601.62,8133.46,109,12,2
2023-03-31,South Asia,881.77,881.77,31735.08,23601.62,8133.46,109,12,2
2023-03-31,Middle East & North Africa,1533.02,1533.02,31735.08,23601.62,8133.46,109,12,2
2023-03-31,South East Asia,788.69,788.69,31735.08,23601.62,8133.46,109,12,2
2023-03-31,Latin America & Caribbean,614.88,614.88,31735.08,23601.62,8133.46,109,12,2
2023-03-31,Sub-Saharan Africa,172.37,172.37,31735.08,23601.62,8133.46,109,12,2
2023-03-31,Australasia / Oceania,79.88,79.88,31735.08,23601.62,8133.46,109,12,2
2023-06-30,North America,8133.46,0.00,31733.60,23600.14,8133.46,108,13,2
2023-06-30,Western Europe,11774.51,11774.51,31733.60,23600.14,8133.46,108,13,2
2023-06-30,East Asia,3495.61,3495.61,31733.60,23600.14,8133.46,108,13,2
2023-06-30,Central and Eastern Europe,3471.00,3471.00,31733.60,23600.14,8133.46,108,13,2
2023-06-30,Central Asia,738.00,738.00,31733.60,23600.14,8133.46,108,13,2
2023-06-30,South Asia,884.58,884.58,31733.60,23600.14,8133.46,108,13,2
2023-06-30,Middle East & North Africa,1573.49,1573.49,31733.60,23600.14,8133.46,108,13,2
2023-06-30,South East Asia,794.59,794.59,31733.60,23600.14,8133.46,108,13,2
2023-06-30,Latin America & Caribbean,614.85,614.85,31733.60,23600.14,8133.46,108,13,2
2023-06-30,Sub-Saharan Africa,173.63,173.63,31733.60,23600.14,8133.46,108,13,2
2023-06-30,Australasia / Oceania,79.88,79.88,31733.60,23600.14,8133.46,108,13,2
2023-09-30,North America,8133.46,0.00,31951.81,23818.35,8133.46,108,13,2
2023-09-30,Western Europe,11774.54,11774.54,31951.81,23818.35,8133.46,108,13,2
2023-09-30,East Asia,3574.27,3574.27,31951.81,23818.35,8133.46,108,13,2
2023-09-30,Central and Eastern Europe,3575.71,3575.71,31951.81,23818.35,8133.46,108,13,2
2023-09-30,Central Asia,744.54,744.54,31951.81,23818.35,8133.46,108,13,2
2023-09-30,South Asia,887.93,887.93,31951.81,23818.35,8133.46,108,13,2
2023-09-30,Middle East & North Africa,1583.97,1583.97,31951.81,23818.35,8133.46,108,13,2
2023-09-30,South East Asia,803.03,803.03,31951.81,23818.35,8133.46,108,13,2
2023-09-30,Latin America & Caribbean,614.73,614.73,31951.81,23818.35,8133.46,108,13,2
2023-09-30,Sub-Saharan Africa,179.75,179.75,31951.81,23818.35,8133.46,108,13,2
2023-09-30,Australasia / Oceania,79.88,79.88,31951.81,23818.35,8133.46,108,13,2
2023-12-31,North America,8133.46,0.00,32039.98,23906.52,8133.46,108,13,2
2023-12-31,Western Europe,11774.66,11774.66,32039.98,23906.52,8133.46,108,13,2
2023-12-31,East Asia,3618.26,3618.26,32039.98,23906.52,8133.46,108,13,2
2023-12-31,Central and Eastern Europe,3668.95,3668.95,32039.98,23906.52,8133.46,108,13,2
2023-12-31,Central Asia,717.50,717.50,32039.98,23906.52,8133.46,108,13,2
2023-12-31,South Asia,890.75,890.75,32039.98,23906.52,8133.46,108,13,2
2023-12-31,Middle East & North Africa,1588.98,1588.98,32039.98,23906.52,8133.46,108,13,2
2023-12-31,South East Asia,796.15,796.15,32039.98,23906.52,8133.46,108,13,2
2023-12-31,Latin America & Caribbean,588.27,588.27,32039.98,23906.52,8133.46,108,13,2
2023-12-31,Sub-Saharan Africa,183.12,183.12,32039.98,23906.52,8133.46,108,13,2
2023-12-31,Australasia / Oceania,79.88,79.88,32039.98,23906.52,8133.46,108,13,2
2024-03-31,North America,8133.46,0.00,32115.66,23982.20,8133.46,107,14,2
2024-03-31,Western Europe,11774.23,11774.23,32115.66,23982.20,8133.46,107,14,2
2024-03-31,East Asia,3644.74,3644.74,32115.66,23982.20,8133.46,107,14,2
2024-03-31,Central and Eastern Europe,3704.66,3704.66,32115.66,23982.20,8133.46,107,14,2
2024-03-31,Central Asia,723.45,723.45,32115.66,23982.20,8133.46,107,14,2
2024-03-31,South Asia,909.49,909.49,32115.66,23982.20,8133.46,107,14,2
2024-03-31,Middle East & North Africa,1594.18,1594.18,32115.66,23982.20,8133.46,107,14,2
2024-03-31,South East Asia,778.98,778.98,32115.66,23982.20,8133.46,107,14,2
2024-03-31,Latin America & Caribbean,588.27,588.27,32115.66,23982.20,8133.46,107,14,2
2024-03-31,Sub-Saharan Africa,184.30,184.30,32115.66,23982.20,8133.46,107,14,2
2024-03-31,Australasia / Oceania,79.90,79.90,32115.66,23982.20,8133.46,107,14,2
2024-06-30,North America,8133.46,0.00,32140.80,24007.34,8133.46,107,14,2
2024-06-30,Western Europe,11773.60,11773.60,32140.80,24007.34,8133.46,107,14,2
2024-06-30,East Asia,3647.47,3647.47,32140.80,24007.34,8133.46,107,14,2
2024-06-30,Central and Eastern Europe,3717.82,3717.82,32140.80,24007.34,8133.46,107,14,2
2024-06-30,Central Asia,720.12,720.12,32140.80,24007.34,8133.46,107,14,2
2024-06-30,South Asia,928.16,928.16,32140.80,24007.34,8133.46,107,14,2
2024-06-30,Middle East & North Africa,1606.87,1606.87,32140.80,24007.34,8133.46,107,14,2
2024-06-30,South East Asia,758.32,758.32,32140.80,24007.34,8133.46,107,14,2
2024-06-30,Latin America & Caribbean,588.05,588.05,32140.80,24007.34,8133.46,107,14,2
2024-06-30,Sub-Saharan Africa,187.03,187.03,32140.80,24007.34,8133.46,107,14,2
2024-06-30,Australasia / Oceania,79.90,79.90,32140.80,24007.34,8133.46,107,14,2
2024-09-30,North America,8133.46,0.00,32227.01,24093.55,8133.46,106,15,2
2024-09-30,Western Europe,11773.51,11773.51,32227.01,24093.55,8133.46,106,15,2
2024-09-30,East Asia,3646.31,3646.31,32227.01,24093.55,8133.46,106,15,2
2024-09-30,Central and Eastern Europe,3794.02,3794.02,32227.01,24093.55,8133.46,106,15,2
2024-09-30,Central Asia,716.09,716.09,32227.01,24093.55,8133.46,106,15,2
2024-09-30,South Asia,941.07,941.07,32227.01,24093.55,8133.46,106,15,2
2024-09-30,Middle East & North Africa,1610.36,1610.36,32227.01,24093.55,8133.46,106,15,2
2024-09-30,South East Asia,753.16,753.16,32227.01,24093.55,8133.46,106,15,2
2024-09-30,Latin America & Caribbean,588.27,588.27,32227.01,24093.55,8133.46,106,15,2
2024-09-30,Sub-Saharan Africa,190.86,190.86,32227.01,24093.55,8133.46,106,15,2
2024-09-30,Australasia / Oceania,79.90,79.90,32227.01,24093.55,8133.46,106,15,2
2024-12-31,North America,8133.46,0.00,32353.49,24220.03,8133.46,107,14,2
2024-12-31,Western Europe,11768.40,11768.40,32353.49,24220.03,8133.46,107,14,2
2024-12-31,East Asia,3663.35,3663.35,32353.49,24220.03,8133.46,107,14,2
2024-12-31,Central and Eastern Europe,3852.31,3852.31,32353.49,24220.03,8133.46,107,14,2
2024-12-31,Central Asia,735.08,735.08,32353.49,24220.03,8133.46,107,14,2
2024-12-31,South Asia,963.66,963.66,32353.49,24220.03,8133.46,107,14,2
2024-12-31,Middle East & North Africa,1624.22,1624.22,32353.49,24220.03,8133.46,107,14,2
2024-12-31,South East Asia,751.71,751.71,32353.49,24220.03,8133.46,107,14,2
2024-12-31,Latin America & Caribbean,587.22,587.22,32353.49,24220.03,8133.46,107,14,2
2024-12-31,Sub-Saharan Africa,194.18,194.18,32353.49,24220.03,8133.46,107,14,2
2024-12-31,Australasia / Oceania,79.90,79.90,32353.49,24220.03,8133.46,107,14,2
2025-03-31,North America,8133.46,0.00,32418.58,24285.12,8133.46,106,15,2
2025-03-31,Western Europe,11768.22,11768.22,32418.58,24285.12,8133.46,106,15,2
2025-03-31,East Asia,3675.88,3675.88,32418.58,24285.12,8133.46,106,15,2
2025-03-31,Central and Eastern Europe,3910.37,3910.37,32418.58,24285.12,8133.46,106,15,2
2025-03-31,Central Asia,722.74,722.74,32418.58,24285.12,8133.46,106,15,2
2025-03-31,South Asia,967.07,967.07,32418.58,24285.12,8133.46,106,15,2
2025-03-31,Middle East & North Africa,1629.23,1629.23,32418.58,24285.12,8133.46,106,15,2
2025-03-31,South East Asia,749.84,749.84,32418.58,24285.12,8133.46,106,15,2
2025-03-31,Latin America & Caribbean,587.18,587.18,32418.58,24285.12,8133.46,106,15,2
2025-03-31,Sub-Saharan Africa,194.69,194.69,32418.58,24285.12,8133.46,106,15,2
2025-03-31,Australasia / Oceania,79.90,79.90,32418.58,24285.12,8133.46,106,15,2
2025-06-30,North America,8133.46,0.00,32479.20,24345.74,8133.46,103,18,2
2025-06-30,Western Europe,11767.25,11767.25,32479.20,24345.74,8133.46,103,18,2
2025-06-30,East Asia,3682.22,3682.22,32479.20,24345.74,8133.46,103,18,2
2025-06-30,Central and Eastern Europe,3947.07,3947.07,32479.20,24345.74,8133.46,103,18,2
2025-06-30,Central Asia,739.97,739.97,32479.20,24345.74,8133.46,103,18,2
2025-06-30,South Asia,967.47,967.47,32479.20,24345.74,8133.46,103,18,2
2025-06-30,Middle East & North Africa,1634.99,1634.99,32479.20,24345.74,8133.46,103,18,2
2025-06-30,South East Asia,743.04,743.04,32479.20,24345.74,8133.46,103,18,2
2025-06-30,Latin America & Caribbean,587.10,587.10,32479.20,24345.74,8133.46,103,18,2
2025-06-30,Sub-Saharan Africa,196.73,196.73,32479.20,24345.74,8133.46,103,18,2
2025-06-30,Australasia / Oceania,79.90,79.90,32479.20,24345.74,8133.46,103,18,2
2025-09-30,North America,8133.46,0.00,32553.35,24419.89,8133.46,100,21,2
2025-09-30,Western Europe,11767.31,11767.31,32553.35,24419.89,8133.46,100,21,2
2025-09-30,East Asia,3687.59,3687.59,32553.35,24419.89,8133.46,100,21,2
2025-09-30,Central and Eastern Europe,3962.07,3962.07,32553.35,24419.89,8133.46,100,21,2
2025-09-30,Central Asia,756.82,756.82,32553.35,24419.89,8133.46,100,21,2
2025-09-30,South Asia,967.67,967.67,32553.35,24419.89,8133.46,100,21,2
2025-09-30,Middle East & North Africa,1640.91,1640.91,32553.35,24419.89,8133.46,100,21,2
2025-09-30,South East Asia,747.69,747.69,32553.35,24419.89,8133.46,100,21,2
2025-09-30,Latin America & Caribbean,609.13,609.13,32553.35,24419.89,8133.46,100,21,2
2025-09-30,Sub-Saharan Africa,200.80,200.80,32553.35,24419.89,8133.46,100,21,2
2025-09-30,Australasia / Oceania,79.90,79.90,32553.35,24419.89,8133.46,100,21,2
2025-12-31,North America,8133.46,0.00,32652.15,24518.69,8133.46,93,28,2
2025-12-31,Western Europe,11767.40,11767.40,32652.15,24518.69,8133.46,93,28,2
2025-12-31,East Asia,3690.54,3690.54,32652.15,24518.69,8133.46,93,28,2
2025-12-31,Central and Eastern Europe,4002.97,4002.97,32652.15,24518.69,8133.46,93,28,2
2025-12-31,Central Asia,807.59,807.59,32652.15,24518.69,8133.46,93,28,2
2025-12-31,South Asia,967.85,967.85,32652.15,24518.69,8133.46,93,28,2
2025-12-31,Middle East & North Africa,1640.93,1640.93,32652.15,24518.69,8133.46,93,28,2
2025-12-31,South East Asia,742.73,742.73,32652.15,24518.69,8133.46,93,28,2
2025-12-31,Latin America & Caribbean,636.41,636.41,32652.15,24518.69,8133.46,93,28,2
2025-12-31,Sub-Saharan Africa,182.37,182.37,32652.15,24518.69,8133.46,93,28,2
2025-12-31,Australasia / Oceania,79.90,79.90,32652.15,24518.69,8133.46,93,28,2
2026-03-31,North America,8133.46,0.00,32644.15,24510.69,8133.46,43,78,2
2026-03-31,Western Europe,11767.40,11767.40,32644.15,24510.69,8133.46,43,78,2
2026-03-31,East Asia,3697.70,3697.70,32644.15,24510.69,8133.46,43,78,2
2026-03-31,Central and Eastern Europe,3937.62,3937.62,32644.15,24510.69,8133.46,43,78,2
2026-03-31,Central Asia,847.27,847.27,32644.15,24510.69,8133.46,43,78,2
2026-03-31,South Asia,968.06,968.06,32644.15,24510.69,8133.46,43,78,2
2026-03-31,Middle East & North Africa,1641.11,1641.11,32644.15,24510.69,8133.46,43,78,2
2026-03-31,South East Asia,750.05,750.05,32644.15,24510.69,8133.46,43,78,2
2026-03-31,Latin America & Caribbean,639.21,639.21,32644.15,24510.69,8133.46,43,78,2
2026-03-31,Sub-Saharan Africa,182.37,182.37,32644.15,24510.69,8133.46,43,78,2
2026-03-31,Australasia / Oceania,79.90,79.90,32644.15,24510.69,8133.46,43,78,2
