frequency,date,gold_price_usd_per_oz
Yearly,2003-12-31,363.63869732
Yearly,2004-12-31,409.60916031
Yearly,2005-12-31,445.05673077
Yearly,2006-12-31,604.01730769
Yearly,2007-12-31,696.53984674
Yearly,2008-12-31,871.76660305
Yearly,2009-12-31,972.80747126
Yearly,2010-12-31,1225.59099617
Yearly,2011-12-31,1571.21442308
Yearly,2012-12-31,1667.64693487
Yearly,2013-12-31,1410.3683908
Yearly,2014-12-31,1265.31321839
Yearly,2015-12-31,1159.25249042
Yearly,2016-12-31,1248.38045977
Yearly,2017-12-31,1257.42769231
Yearly,2018-12-31,1269.00517241
Yearly,2019-12-31,1392.47145594
Yearly,2020-12-31,1769.94141221
Yearly,2021-12-31,1798.61954023
Yearly,2022-12-31,1801.50538462
Yearly,2023-12-31,1942.63884615
Yearly,2024-12-31,2387.0759542
Yearly,2025-12-31,3441.44272031
Yearly,2026-07-31,4594.11447368
Quarterly,2003-03-31,351.946875
Quarterly,2003-06-30,346.54846154
Quarterly,2003-09-30,363.09621212
Quarterly,2003-12-31,392.35
Quarterly,2004-03-31,408.58
Quarterly,2004-06-30,393.99923077
Quarterly,2004-09-30,401.36136364
Quarterly,2004-12-31,434.24393939
Quarterly,2005-03-31,427.44765625
Quarterly,2005-06-30,427.38076923
Quarterly,2005-09-30,439.67121212
Quarterly,2005-12-31,485.53923077
Quarterly,2006-03-31,553.43384615
Quarterly,2006-06-30,627.11461538
Quarterly,2006-09-30,621.66307692
Quarterly,2006-12-31,613.85769231
Quarterly,2007-03-31,649.59923077
Quarterly,2007-06-30,667.20692308
Quarterly,2007-09-30,679.83769231
Quarterly,2007-12-31,788.10681818
Quarterly,2008-03-31,923.50153846
Quarterly,2008-06-30,896.10769231
Quarterly,2008-09-30,870.875
Quarterly,2008-12-31,797.73484848
Quarterly,2009-03-31,907.73046875
Quarterly,2009-06-30,920.89615385
Quarterly,2009-09-30,959.9280303
Quarterly,2009-12-31,1099.91666667
Quarterly,2010-03-31,1109.03515625
Quarterly,2010-06-30,1194.38461538
Quarterly,2010-09-30,1226.875
Quarterly,2010-12-31,1368.06439394
Quarterly,2011-03-31,1386.640625
Quarterly,2011-06-30,1507.38076923
Quarterly,2011-09-30,1703.41666667
Quarterly,2011-12-31,1682.54615385
Quarterly,2012-03-31,1688.78461538
Quarterly,2012-06-30,1610.57461538
Quarterly,2012-09-30,1652.22692308
Quarterly,2012-12-31,1718.22348485
Quarterly,2013-03-31,1631.75390625
Quarterly,2013-06-30,1418.08076923
Quarterly,2013-09-30,1327.05909091
Quarterly,2013-12-31,1271.40530303
Quarterly,2014-03-31,1291.62890625
Quarterly,2014-06-30,1288.65
Quarterly,2014-09-30,1281.86742424
Quarterly,2014-12-31,1200.25757576
Quarterly,2015-03-31,1218.15
Quarterly,2015-06-30,1192.46692308
Quarterly,2015-09-30,1124.47045455
Quarterly,2015-12-31,1104.21060606
Quarterly,2016-03-31,1181.89230769
Quarterly,2016-06-30,1259.35769231
Quarterly,2016-09-30,1334.53333333
Quarterly,2016-12-31,1216.41307692
Quarterly,2017-03-31,1218.55923077
Quarterly,2017-06-30,1257.72076923
Quarterly,2017-09-30,1278.02230769
Quarterly,2017-12-31,1275.40846154
Quarterly,2018-03-31,1328.69692308
Quarterly,2018-06-30,1306.27692308
Quarterly,2018-09-30,1212.95538462
Quarterly,2018-12-31,1228.71136364
Quarterly,2019-03-31,1303.440625
Quarterly,2019-06-30,1307.46307692
Quarterly,2019-09-30,1472.94924242
Quarterly,2019-12-31,1482.0469697
Quarterly,2020-03-31,1581.88076923
Quarterly,2020-06-30,1710.42384615
Quarterly,2020-09-30,1909.29621212
Quarterly,2020-12-31,1874.41363636
Quarterly,2021-03-31,1795.52421875
Quarterly,2021-06-30,1814.23
Quarterly,2021-09-30,1789.65833333
Quarterly,2021-12-31,1795.20833333
Quarterly,2022-03-31,1876.27109375
Quarterly,2022-06-30,1873.27
Quarterly,2022-09-30,1728.27878788
Quarterly,2022-12-31,1730.47846154
Quarterly,2023-03-31,1888.72538462
Quarterly,2023-06-30,1976.78230769
Quarterly,2023-09-30,1928.27923077
Quarterly,2023-12-31,1976.76846154
Quarterly,2024-03-31,2071.90615385
Quarterly,2024-06-30,2335.66769231
Quarterly,2024-09-30,2474.85075758
Quarterly,2024-12-31,2660.325
Quarterly,2025-03-31,2855.73203125
Quarterly,2025-06-30,3281.61769231
Quarterly,2025-09-30,3454.69090909
Quarterly,2025-12-31,4153.55984848
Quarterly,2026-03-31,4864.0625
Quarterly,2026-06-30,4512.38692308
Quarterly,2026-07-31,4073.92391304
Monthly,2003-02-28,358.96999817
Monthly,2003-03-31,340.55
Monthly,2003-04-30,328.07272727
Monthly,2003-05-31,355.66590909
Monthly,2003-06-30,356.35238095
Monthly,2003-07-31,351.01956522
Monthly,2003-08-31,359.71904762
Monthly,2003-09-30,378.94545455
Monthly,2003-10-31,378.91956522
Monthly,2003-11-30,389.91
Monthly,2003-12-31,407.90217391
Monthly,2004-01-31,413.94545455
Monthly,2004-02-29,404.8775
Monthly,2004-03-31,406.6673913
Monthly,2004-04-30,404.73636364
Monthly,2004-05-31,384.4547619
Monthly,2004-06-30,392.37272727
Monthly,2004-07-31,398.09090909
Monthly,2004-08-31,400.71818182
Monthly,2004-09-30,405.275
Monthly,2004-10-31,420.46428571
Monthly,2004-11-30,439.375
Monthly,2004-12-31,441.9173913
Monthly,2005-01-31,424.6952381
Monthly,2005-02-28,423.35
Monthly,2005-03-31,433.52391304
Monthly,2005-04-30,429.23333333
Monthly,2005-05-31,422.33636364
Monthly,2005-06-30,430.65681818
Monthly,2005-07-31,424.47857143
Monthly,2005-08-31,437.87826087
Monthly,2005-09-30,456.04772727
Monthly,2005-10-31,469.89761905
Monthly,2005-11-30,476.66590909
Monthly,2005-12-31,509.34318182
Monthly,2006-01-31,548.18863636
Monthly,2006-02-28,554.995
Monthly,2006-03-31,557.09347826
Monthly,2006-04-30,608.8875
Monthly,2006-05-31,672.58695652
Monthly,2006-06-30,596.14545455
Monthly,2006-07-31,633.70952381
Monthly,2006-08-31,632.1
Monthly,2006-09-30,598.18571429
Monthly,2006-10-31,585.77954545
Monthly,2006-11-30,627.82727273
Monthly,2006-12-31,628.63809524
Monthly,2007-01-31,631.36304348
Monthly,2007-02-28,664.745
Monthly,2007-03-31,654.89545455
Monthly,2007-04-30,678.80952381
Monthly,2007-05-31,667.31086957
Monthly,2007-06-30,655.49047619
Monthly,2007-07-31,665.29545455
Monthly,2007-08-31,665.21304348
Monthly,2007-09-30,712.6525
Monthly,2007-10-31,754.60434783
Monthly,2007-11-30,806.24772727
Monthly,2007-12-31,805.7952381
Monthly,2008-01-31,887.28695652
Monthly,2008-02-29,922.29761905
Monthly,2008-03-31,964.36904762
Monthly,2008-04-30,909.70454545
Monthly,2008-05-31,888.82954545
Monthly,2008-06-30,889.48809524
Monthly,2008-07-31,939.77173913
Monthly,2008-08-31,838.30952381
Monthly,2008-09-30,829.93181818
Monthly,2008-10-31,806.61956522
Monthly,2008-11-30,760.8625
Monthly,2008-12-31,820.91304348
Monthly,2009-01-31,858.97727273
Monthly,2009-02-28,943.1625
Monthly,2009-03-31,924.27272727
Monthly,2009-04-30,889.31818182
Monthly,2009-05-31,928.02380952
Monthly,2009-06-30,945.67045455
Monthly,2009-07-31,934.22826087
Monthly,2009-08-31,949.66666667
Monthly,2009-09-30,996.59090909
Monthly,2009-10-31,1043.15909091
Monthly,2009-11-30,1127.03571429
Monthly,2009-12-31,1129.44565217
Monthly,2010-01-31,1117.29761905
Monthly,2010-02-28,1095.4125
Monthly,2010-03-31,1113.33695652
Monthly,2010-04-30,1146.39772727
Monthly,2010-05-31,1204.28571429
Monthly,2010-06-30,1232.92045455
Monthly,2010-07-31,1192.96590909
Monthly,2010-08-31,1216.68181818
Monthly,2010-09-30,1270.97727273
Monthly,2010-10-31,1342.02380952
Monthly,2010-11-30,1369.88636364
Monthly,2010-12-31,1390.09782609
Monthly,2011-01-31,1358.96428571
Monthly,2011-02-28,1372.725
Monthly,2011-03-31,1424.01086957
Monthly,2011-04-30,1479.61904762
Monthly,2011-05-31,1512.60227273
Monthly,2011-06-30,1528.65909091
Monthly,2011-07-31,1572.80952381
Monthly,2011-08-31,1757.20652174
Monthly,2011-09-30,1771.85227273
Monthly,2011-10-31,1665.21428571
Monthly,2011-11-30,1738.97727273
Monthly,2011-12-31,1642.65909091
Monthly,2012-01-31,1652.40909091
Monthly,2012-02-29,1742.61904762
Monthly,2012-03-31,1673.77272727
Monthly,2012-04-30,1648.25
Monthly,2012-05-31,1588.03695652
Monthly,2012-06-30,1597.58333333
Monthly,2012-07-31,1593.90909091
Monthly,2012-08-31,1627.81521739
Monthly,2012-09-30,1744.45
Monthly,2012-10-31,1747.01086957
Monthly,2012-11-30,1721.13636364
Monthly,2012-12-31,1683.64285714
Monthly,2013-01-31,1670.65217391
Monthly,2013-02-28,1627.5875
Monthly,2013-03-31,1593.11904762
Monthly,2013-04-30,1490.22727273
Monthly,2013-05-31,1414.91304348
Monthly,2013-06-30,1342.3625
Monthly,2013-07-31,1286.72391304
Monthly,2013-08-31,1348.47727273
Monthly,2013-09-30,1348.79761905
Monthly,2013-10-31,1316.18478261
Monthly,2013-11-30,1275.82142857
Monthly,2013-12-31,1220.375
Monthly,2014-01-31,1242.91304348
Monthly,2014-02-28,1300.975
Monthly,2014-03-31,1336.08333333
Monthly,2014-04-30,1299
Monthly,2014-05-31,1287.42045455
Monthly,2014-06-30,1279.0952381
Monthly,2014-07-31,1310.9673913
Monthly,2014-08-31,1295.0952381
Monthly,2014-09-30,1238.81818182
Monthly,2014-10-31,1222.48913043
Monthly,2014-11-30,1176.3
Monthly,2014-12-31,1198.85869565
Monthly,2015-01-31,1249.45454545
Monthly,2015-02-28,1227.1875
Monthly,2015-03-31,1178.62954545
Monthly,2015-04-30,1197.96363636
Monthly,2015-05-31,1198.19285714
Monthly,2015-06-30,1181.50454545
Monthly,2015-07-31,1130.03695652
Monthly,2015-08-31,1118.30952381
Monthly,2015-09-30,1124.53181818
Monthly,2015-10-31,1159.24545455
Monthly,2015-11-30,1085.70238095
Monthly,2015-12-31,1068.4673913
Monthly,2016-01-31,1095.70238095
Monthly,2016-02-29,1199.91190476
Monthly,2016-03-31,1244.13478261
Monthly,2016-04-30,1242.26190476
Monthly,2016-05-31,1258.62954545
Monthly,2016-06-30,1276.40454545
Monthly,2016-07-31,1337.32619048
Monthly,2016-08-31,1340.1173913
Monthly,2016-09-30,1326.02954545
Monthly,2016-10-31,1266.56904762
Monthly,2016-11-30,1235.97954545
Monthly,2016-12-31,1148.97045455
Monthly,2017-01-31,1191.09318182
Monthly,2017-02-28,1234.3575
Monthly,2017-03-31,1231.09347826
Monthly,2017-04-30,1267.48
Monthly,2017-05-31,1246.80869565
Monthly,2017-06-30,1260.25681818
Monthly,2017-07-31,1236.22142857
Monthly,2017-08-31,1282.44565217
Monthly,2017-09-30,1314.97857143
Monthly,2017-10-31,1279.51363636
Monthly,2017-11-30,1282.28409091
Monthly,2017-12-31,1263.9047619
Monthly,2018-01-31,1330.13695652
Monthly,2018-02-28,1331.525
Monthly,2018-03-31,1324.62045455
Monthly,2018-04-30,1334.22142857
Monthly,2018-05-31,1303.32391304
Monthly,2018-06-30,1281.56666667
Monthly,2018-07-31,1238.525
Monthly,2018-08-31,1201.09130435
Monthly,2018-09-30,1198.4725
Monthly,2018-10-31,1215.39347826
Monthly,2018-11-30,1220.94545455
Monthly,2018-12-31,1251.43333333
Monthly,2019-01-31,1291.30652174
Monthly,2019-02-28,1320.065
Monthly,2019-03-31,1300.89761905
Monthly,2019-04-30,1285.46818182
Monthly,2019-05-31,1283.65
Monthly,2019-06-30,1359.0425
Monthly,2019-07-31,1412.97826087
Monthly,2019-08-31,1499.025
Monthly,2019-09-30,1511.31428571
Monthly,2019-10-31,1494.8
Monthly,2019-11-30,1470.01666667
Monthly,2019-12-31,1480.19772727
Monthly,2020-01-31,1559.03478261
Monthly,2020-02-29,1597.1025
Monthly,2020-03-31,1591.92727273
Monthly,2020-04-30,1682.72272727
Monthly,2020-05-31,1716.61190476
Monthly,2020-06-30,1732.21818182
Monthly,2020-07-31,1843.31304348
Monthly,2020-08-31,1968.03095238
Monthly,2020-09-30,1922.21363636
Monthly,2020-10-31,1900.275
Monthly,2020-11-30,1863.49285714
Monthly,2020-12-31,1859.64782609
Monthly,2021-01-31,1868.13333333
Monthly,2021-02-28,1808.175
Monthly,2021-03-31,1718.22826087
Monthly,2021-04-30,1758.43863636
Monthly,2021-05-31,1851.37380952
Monthly,2021-06-30,1834.56590909
Monthly,2021-07-31,1807.09318182
Monthly,2021-08-31,1784.62954545
Monthly,2021-09-30,1777.25227273
Monthly,2021-10-31,1776.8547619
Monthly,2021-11-30,1820.23409091
Monthly,2021-12-31,1788.02826087
Monthly,2022-01-31,1816.92380952
Monthly,2022-02-28,1856.295
Monthly,2022-03-31,1947.82826087
Monthly,2022-04-30,1936.6952381
Monthly,2022-05-31,1851.16590909
Monthly,2022-06-30,1834.83181818
Monthly,2022-07-31,1736.37142857
Monthly,2022-08-31,1765.02826087
Monthly,2022-09-30,1682.13409091
Monthly,2022-10-31,1664.4452381
Monthly,2022-11-30,1726.44772727
Monthly,2022-12-31,1797.54090909
Monthly,2023-01-31,1894.70681818
Monthly,2023-02-28,1854.54
Monthly,2023-03-31,1912.73043478
Monthly,2023-04-30,2000.565
Monthly,2023-05-31,1988.51086957
Monthly,2023-06-30,1942.9
Monthly,2023-07-31,1948.8547619
Monthly,2023-08-31,1919.82826087
Monthly,2023-09-30,1916.95952381
Monthly,2023-10-31,1913.03636364
Monthly,2023-11-30,1985.27272727
Monthly,2023-12-31,2034.62619048
Monthly,2024-01-31,2035.27391304
Monthly,2024-02-29,2023.23809524
Monthly,2024-03-31,2160.6952381
Monthly,2024-04-30,2329.98409091
Monthly,2024-05-31,2349.22173913
Monthly,2024-06-30,2326.3325
Monthly,2024-07-31,2395.30652174
Monthly,2024-08-31,2469.93181818
Monthly,2024-09-30,2567.12380952
Monthly,2024-10-31,2690.07826087
Monthly,2024-11-30,2650.68333333
Monthly,2024-12-31,2638.42272727
Monthly,2025-01-31,2705.39130435
Monthly,2025-02-28,2894.725
Monthly,2025-03-31,2983.2547619
Monthly,2025-04-30,3216.40681818
Monthly,2025-05-31,3279.64318182
Monthly,2025-06-30,3352.00238095
Monthly,2025-07-31,3338.31304348
Monthly,2025-08-31,3361.62380952
Monthly,2025-09-30,3665.19545455
Monthly,2025-10-31,4053.27608696
Monthly,2025-11-30,4082.9525
Monthly,2025-12-31,4315.24130435
Monthly,2026-01-31,4724.61590909
Monthly,2026-02-28,5019.5325
Monthly,2026-03-31,4862.17272727
Monthly,2026-04-30,4716.19090909
Monthly,2026-05-31,4585.99761905
Monthly,2026-06-30,4238.31818182
Monthly,2026-07-31,4073.92391304
Weekly,2018-01-05,1311.02
Weekly,2018-01-12,1320.11
Weekly,2018-01-19,1335.18
Weekly,2018-01-26,1345.56
Weekly,2018-02-02,1341.26
Weekly,2018-02-09,1323.84
Weekly,2018-02-16,1337.69
Weekly,2018-02-23,1334.65
Weekly,2018-03-02,1321.43
Weekly,2018-03-09,1324.56
Weekly,2018-03-16,1318.86
Weekly,2018-03-23,1324.1
Weekly,2018-03-30,1334.8
Weekly,2018-04-06,1330.7
Weekly,2018-04-13,1341.34
Weekly,2018-04-20,1345.65
Weekly,2018-04-27,1323.4
Weekly,2018-05-04,1309.79
Weekly,2018-05-11,1314.6
Weekly,2018-05-18,1296.78
Weekly,2018-05-25,1295.75
Weekly,2018-06-01,1299.93
Weekly,2018-06-08,1296.62
Weekly,2018-06-15,1296.48
Weekly,2018-06-22,1273.44
Weekly,2018-06-29,1257.12
Weekly,2018-07-06,1253.21
Weekly,2018-07-13,1251.01
Weekly,2018-07-20,1228.94
Weekly,2018-07-27,1227.4
Weekly,2018-08-03,1219.1
Weekly,2018-08-10,1212.06
Weekly,2018-08-17,1187.63
Weekly,2018-08-24,1192.4
Weekly,2018-08-31,1202.78
Weekly,2018-09-07,1198.33
Weekly,2018-09-14,1198.76
Weekly,2018-09-21,1202.49
Weekly,2018-09-28,1194.31
Weekly,2018-10-05,1200.5
Weekly,2018-10-12,1197.28
Weekly,2018-10-19,1228.11
Weekly,2018-10-26,1230.69
Weekly,2018-11-02,1226.88
Weekly,2018-11-09,1225.87
Weekly,2018-11-16,1209.03
Weekly,2018-11-23,1224.28
Weekly,2018-11-30,1220.33
Weekly,2018-12-07,1238.47
Weekly,2018-12-14,1242.9
Weekly,2018-12-21,1252.17
Weekly,2018-12-28,1266.15
Weekly,2019-01-04,1283.31
Weekly,2019-01-11,1289.62
Weekly,2019-01-18,1290.87
Weekly,2019-01-25,1283.81
Weekly,2019-02-01,1312.47
Weekly,2019-02-08,1312.72
Weekly,2019-02-15,1311.44
Weekly,2019-02-22,1332.74
Weekly,2019-03-01,1322.01
Weekly,2019-03-08,1287.42
Weekly,2019-03-15,1299.16
Weekly,2019-03-22,1307.58
Weekly,2019-03-29,1307.22
Weekly,2019-04-05,1289.17
Weekly,2019-04-12,1300.31
Weekly,2019-04-19,1277.85
Weekly,2019-04-26,1276.37
Weekly,2019-05-03,1279.02
Weekly,2019-05-10,1283.63
Weekly,2019-05-17,1293.12
Weekly,2019-05-24,1277.59
Weekly,2019-05-31,1283.79
Weekly,2019-06-07,1330.51
Weekly,2019-06-14,1334.48
Weekly,2019-06-21,1360.67
Weekly,2019-06-28,1410.51
Weekly,2019-07-05,1399.64
Weekly,2019-07-12,1404.26
Weekly,2019-07-19,1417.95
Weekly,2019-07-26,1423.35
Weekly,2019-08-02,1424.21
Weekly,2019-08-09,1486
Weekly,2019-08-16,1509.45
Weekly,2019-08-23,1502.05
Weekly,2019-08-30,1528.5
Weekly,2019-09-06,1532.54
Weekly,2019-09-13,1503.28
Weekly,2019-09-20,1501.08
Weekly,2019-09-27,1513.56
Weekly,2019-10-04,1493.52
Weekly,2019-10-11,1497.66
Weekly,2019-10-18,1489.23
Weekly,2019-10-25,1496.29
Weekly,2019-11-01,1498.2
Weekly,2019-11-08,1486.57
Weekly,2019-11-15,1461.44
Weekly,2019-11-22,1467.86
Weekly,2019-11-29,1456.44
Weekly,2019-12-06,1469.83
Weekly,2019-12-13,1465.57
Weekly,2019-12-20,1476.69
Weekly,2019-12-27,1493.23
Weekly,2020-01-03,1527.32
Weekly,2020-01-10,1563.45
Weekly,2020-01-17,1551.23
Weekly,2020-01-24,1559.11
Weekly,2020-01-31,1578
Weekly,2020-02-07,1564.47
Weekly,2020-02-14,1572.77
Weekly,2020-02-21,1607.43
Weekly,2020-02-28,1643.74
Weekly,2020-03-06,1640.05
Weekly,2020-03-13,1623.09
Weekly,2020-03-20,1498.15
Weekly,2020-03-27,1597.74
Weekly,2020-04-03,1606.74
Weekly,2020-04-10,1661.33
Weekly,2020-04-17,1712.65
Weekly,2020-04-24,1706.19
Weekly,2020-05-01,1699.77
Weekly,2020-05-08,1701.65
Weekly,2020-05-15,1716.1
Weekly,2020-05-22,1735.88
Weekly,2020-05-29,1718.89
Weekly,2020-06-05,1712.32
Weekly,2020-06-12,1719.53
Weekly,2020-06-19,1721.78
Weekly,2020-06-26,1760.19
Weekly,2020-07-03,1772.22
Weekly,2020-07-10,1800.75
Weekly,2020-07-17,1805.81
Weekly,2020-07-24,1858.2
Weekly,2020-07-31,1950.2
Weekly,2020-08-07,2016.58
Weekly,2020-08-14,1961.01
Weekly,2020-08-21,1962.82
Weekly,2020-08-28,1933.85
Weekly,2020-09-04,1948.7
Weekly,2020-09-11,1940.05
Weekly,2020-09-18,1951.39
Weekly,2020-09-25,1882.04
Weekly,2020-10-02,1888.04
Weekly,2020-10-09,1903.64
Weekly,2020-10-16,1904.76
Weekly,2020-10-23,1906.55
Weekly,2020-10-30,1885.25
Weekly,2020-11-06,1915.52
Weekly,2020-11-13,1874.54
Weekly,2020-11-20,1876.76
Weekly,2020-11-27,1807.34
Weekly,2020-12-04,1814.25
Weekly,2020-12-11,1851.24
Weekly,2020-12-18,1860.85
Weekly,2020-12-25,1875.44
Weekly,2021-01-01,1883.33
Weekly,2021-01-08,1919.7
Weekly,2021-01-15,1845.62
Weekly,2021-01-22,1847.83
Weekly,2021-01-29,1854.79
Weekly,2021-02-05,1824.07
Weekly,2021-02-12,1834.79
Weekly,2021-02-19,1790.32
Weekly,2021-02-26,1783.52
Weekly,2021-03-05,1715.55
Weekly,2021-03-12,1709.84
Weekly,2021-03-19,1729.88
Weekly,2021-03-26,1732.39
Weekly,2021-04-02,1706.61
Weekly,2021-04-09,1741.09
Weekly,2021-04-16,1749.6
Weekly,2021-04-23,1784.02
Weekly,2021-04-30,1772
Weekly,2021-05-07,1799.47
Weekly,2021-05-14,1832.03
Weekly,2021-05-21,1872.62
Weekly,2021-05-28,1891.66
Weekly,2021-06-04,1891.84
Weekly,2021-06-11,1889.17
Weekly,2021-06-18,1828.65
Weekly,2021-06-25,1782.64
Weekly,2021-07-02,1773.31
Weekly,2021-07-09,1803.91
Weekly,2021-07-16,1815.5
Weekly,2021-07-23,1807.83
Weekly,2021-07-30,1810.44
Weekly,2021-08-06,1803.37
Weekly,2021-08-13,1745.41
Weekly,2021-08-20,1784.07
Weekly,2021-08-27,1796.85
Weekly,2021-09-03,1812.28
Weekly,2021-09-10,1798.52
Weekly,2021-09-17,1777.5
Weekly,2021-09-24,1760.48
Weekly,2021-10-01,1745.21
Weekly,2021-10-08,1760.56
Weekly,2021-10-15,1776.49
Weekly,2021-10-22,1782.59
Weekly,2021-10-29,1791.74
Weekly,2021-11-05,1789.14
Weekly,2021-11-12,1845.5
Weekly,2021-11-19,1861.08
Weekly,2021-11-26,1795.24
Weekly,2021-12-03,1782.43
Weekly,2021-12-10,1779.94
Weekly,2021-12-17,1787.35
Weekly,2021-12-24,1794.82
Weekly,2021-12-31,1798.46
Weekly,2022-01-07,1807.94
Weekly,2022-01-14,1813.14
Weekly,2022-01-21,1829
Weekly,2022-01-28,1821.95
Weekly,2022-02-04,1799.23
Weekly,2022-02-11,1826.09
Weekly,2022-02-18,1872.87
Weekly,2022-02-25,1904.07
Weekly,2022-03-04,1927.05
Weekly,2022-03-11,1996.84
Weekly,2022-03-18,1933.27
Weekly,2022-03-25,1940.21
Weekly,2022-04-01,1930.49
Weekly,2022-04-08,1935.66
Weekly,2022-04-15,1963.13
Weekly,2022-04-22,1952.41
Weekly,2022-04-29,1897.04
Weekly,2022-05-06,1883.86
Weekly,2022-05-13,1843.76
Weekly,2022-05-20,1824.67
Weekly,2022-05-27,1854.11
Weekly,2022-06-03,1845.67
Weekly,2022-06-10,1844.92
Weekly,2022-06-17,1828.19
Weekly,2022-06-24,1837.19
Weekly,2022-07-01,1815.51
Weekly,2022-07-08,1764.17
Weekly,2022-07-15,1720.43
Weekly,2022-07-22,1716.69
Weekly,2022-07-29,1731.98
Weekly,2022-08-05,1773.97
Weekly,2022-08-12,1792.63
Weekly,2022-08-19,1766.99
Weekly,2022-08-26,1746.05
Weekly,2022-09-02,1720.85
Weekly,2022-09-09,1707.79
Weekly,2022-09-16,1697.78
Weekly,2022-09-23,1663.19
Weekly,2022-09-30,1651.27
Weekly,2022-10-07,1698.82
Weekly,2022-10-14,1661.86
Weekly,2022-10-21,1645.6
Weekly,2022-10-28,1656.59
Weekly,2022-11-04,1647.39
Weekly,2022-11-11,1715.39
Weekly,2022-11-18,1764.69
Weekly,2022-11-25,1746.15
Weekly,2022-12-02,1768.13
Weekly,2022-12-09,1783.82
Weekly,2022-12-16,1798.86
Weekly,2022-12-23,1804.07
Weekly,2022-12-30,1804.85
Weekly,2023-01-06,1839.82
Weekly,2023-01-13,1883.91
Weekly,2023-01-20,1919
Weekly,2023-01-27,1924.38
Weekly,2023-02-03,1914.18
Weekly,2023-02-10,1871.08
Weekly,2023-02-17,1842.77
Weekly,2023-02-24,1831.08
Weekly,2023-03-03,1832.37
Weekly,2023-03-10,1836.91
Weekly,2023-03-17,1925.42
Weekly,2023-03-24,1968.59
Weekly,2023-03-31,1963.92
Weekly,2023-04-07,2005.51
Weekly,2023-04-14,2016.13
Weekly,2023-04-21,1993.26
Weekly,2023-04-28,1987.36
Weekly,2023-05-05,2007.58
Weekly,2023-05-12,2020.83
Weekly,2023-05-19,1984.73
Weekly,2023-05-26,1961.06
Weekly,2023-06-02,1960.47
Weekly,2023-06-09,1962.19
Weekly,2023-06-16,1955.04
Weekly,2023-06-23,1931.6
Weekly,2023-06-30,1912.41
Weekly,2023-07-07,1922.45
Weekly,2023-07-14,1944.36
Weekly,2023-07-21,1967.33
Weekly,2023-07-28,1956.92
Weekly,2023-08-04,1948.03
Weekly,2023-08-11,1923.51
Weekly,2023-08-18,1900.37
Weekly,2023-08-25,1906.36
Weekly,2023-09-01,1935.18
Weekly,2023-09-08,1926.3
Weekly,2023-09-15,1915.35
Weekly,2023-09-22,1928.82
Weekly,2023-09-29,1892.65
Weekly,2023-10-06,1822.7
Weekly,2023-10-13,1871.39
Weekly,2023-10-20,1948.8
Weekly,2023-10-27,1975.57
Weekly,2023-11-03,1991.78
Weekly,2023-11-10,1960.75
Weekly,2023-11-17,1963.91
Weekly,2023-11-24,1993.31
Weekly,2023-12-01,2033.43
Weekly,2023-12-08,2026.76
Weekly,2023-12-15,2005.68
Weekly,2023-12-22,2039.63
Weekly,2023-12-29,2064.28
Weekly,2024-01-05,2053.59
Weekly,2024-01-12,2034.32
Weekly,2024-01-19,2028.31
Weekly,2024-01-26,2022.28
Weekly,2024-02-02,2039.76
Weekly,2024-02-09,2028.51
Weekly,2024-02-16,1999.67
Weekly,2024-02-23,2024.87
Weekly,2024-03-01,2038.51
Weekly,2024-03-08,2139.99
Weekly,2024-03-15,2166.87
Weekly,2024-03-22,2162.52
Weekly,2024-03-29,2195.58
Weekly,2024-04-05,2270.21
Weekly,2024-04-12,2351.3
Weekly,2024-04-19,2373.22
Weekly,2024-04-26,2329.09
Weekly,2024-05-03,2305.24
Weekly,2024-05-10,2324.25
Weekly,2024-05-17,2367.23
Weekly,2024-05-24,2391.11
Weekly,2024-05-31,2346.7
Weekly,2024-06-07,2335.03
Weekly,2024-06-14,2317.68
Weekly,2024-06-21,2331.03
Weekly,2024-06-28,2321.59
Weekly,2024-07-05,2351.98
Weekly,2024-07-12,2388.99
Weekly,2024-07-19,2442.4
Weekly,2024-07-26,2393.51
Weekly,2024-08-02,2426.41
Weekly,2024-08-09,2405.93
Weekly,2024-08-16,2462.31
Weekly,2024-08-23,2503.29
Weekly,2024-08-30,2511.29
Weekly,2024-09-06,2496.41
Weekly,2024-09-13,2526.96
Weekly,2024-09-20,2581.97
Weekly,2024-09-27,2650.59
Weekly,2024-10-04,2651.23
Weekly,2024-10-11,2633.86
Weekly,2024-10-18,2676.11
Weekly,2024-10-25,2734.57
Weekly,2024-11-01,2753.44
Weekly,2024-11-08,2705.7
Weekly,2024-11-15,2593.89
Weekly,2024-11-22,2646.17
Weekly,2024-11-29,2638.25
Weekly,2024-12-06,2641.78
Weekly,2024-12-13,2682.07
Weekly,2024-12-20,2627.02
Weekly,2024-12-27,2614.2
Weekly,2025-01-03,2624.78
Weekly,2025-01-10,2661.18
Weekly,2025-01-17,2689.18
Weekly,2025-01-24,2743.67
Weekly,2025-01-31,2769.98
Weekly,2025-02-07,2850.88
Weekly,2025-02-14,2905.58
Weekly,2025-02-21,2926.14
Weekly,2025-02-28,2896.3
Weekly,2025-03-07,2910.64
Weekly,2025-03-14,2940.8
Weekly,2025-03-21,3020.34
Weekly,2025-03-28,3034.87
Weekly,2025-04-04,3108.23
Weekly,2025-04-11,3095.86
Weekly,2025-04-18,3271.6
Weekly,2025-04-25,3318.84
Weekly,2025-05-02,3273.57
Weekly,2025-05-09,3342.05
Weekly,2025-05-16,3205.86
Weekly,2025-05-23,3283.6
Weekly,2025-05-30,3306.03
Weekly,2025-06-06,3356.94
Weekly,2025-06-13,3362.69
Weekly,2025-06-20,3382.94
Weekly,2025-06-27,3318.35
Weekly,2025-07-04,3327.24
Weekly,2025-07-11,3318.99
Weekly,2025-07-18,3338.73
Weekly,2025-07-25,3383.79
Weekly,2025-08-01,3314.35
Weekly,2025-08-08,3381.05
Weekly,2025-08-15,3348.69
Weekly,2025-08-22,3336.81
Weekly,2025-08-29,3382.9
Weekly,2025-09-05,3532.39
Weekly,2025-09-12,3642.72
Weekly,2025-09-19,3668.18
Weekly,2025-09-26,3753.14
Weekly,2025-10-03,3857.59
Weekly,2025-10-10,3992.45
Weekly,2025-10-17,4182.71
Weekly,2025-10-24,4156.42
Weekly,2025-10-31,3986.33
Weekly,2025-11-07,3985.03
Weekly,2025-11-14,4123.41
Weekly,2025-11-21,4084.75
Weekly,2025-11-28,4138.62
Weekly,2025-12-05,4221.5
Weekly,2025-12-12,4232.74
Weekly,2025-12-19,4330.62
Weekly,2025-12-26,4462.69
Weekly,2026-01-02,4334.74
Weekly,2026-01-09,4461.59
Weekly,2026-01-16,4612.88
Weekly,2026-01-23,4811.89
Weekly,2026-01-30,5169.77
Weekly,2026-02-06,4883.21
Weekly,2026-02-13,5037.38
Weekly,2026-02-20,4978.97
Weekly,2026-02-27,5178.57
Weekly,2026-03-06,5145.54
Weekly,2026-03-13,5130.63
Weekly,2026-03-20,4808.9
Weekly,2026-03-27,4480.99
Weekly,2026-04-03,4631.04
Weekly,2026-04-10,4715.99
Weekly,2026-04-17,4800.95
Weekly,2026-04-24,4752.64
Weekly,2026-05-01,4605.5
Weekly,2026-05-08,4681.07
Weekly,2026-05-15,4658.86
Weekly,2026-05-22,4511.27
Weekly,2026-05-29,4482.61
Weekly,2026-06-05,4451.97
Weekly,2026-06-12,4216
Weekly,2026-06-19,4283.98
Weekly,2026-06-26,4086.15
Weekly,2026-07-03,4087.06
Weekly,2026-07-10,4118.45
Weekly,2026-07-17,4033.27
Weekly,2026-07-24,4064.63
Weekly,2026-07-31,4047.14
Weekly,2026-08-07,4184.47
